ID_Pedido,ID_Produto,Quantidade,Preco_Unitario,Subtotal
1,97,6,3.51,21.06
1,71,3,8.13,24.39
2,94,5,6.83,34.15
2,37,8,3.89,31.12
2,49,2,8.89,17.78
2,55,9,1.47,13.23
2,95,5,3.08,15.4
3,22,2,7.25,14.5
3,79,3,3.14,9.42
4,98,4,8.8,35.2
4,11,3,4.77,14.31
4,89,1,4.17,4.17
5,60,3,5.93,17.79
5,38,3,1.16,3.48
6,34,4,10.0,40.0
6,74,10,2.37,23.7
6,97,4,3.51,14.04
7,66,8,7.25,58.0
7,27,4,7.32,29.28
7,39,3,8.59,25.77
7,53,10,6.81,68.1
8,83,3,5.66,16.98
8,39,1,8.59,8.59
8,15,2,6.03,12.06
9,33,3,9.12,27.36
10,32,3,1.15,3.45
10,73,3,6.05,18.15
10,29,10,6.23,62.3
10,36,3,3.5,10.5
10,51,10,6.84,68.4
11,81,8,2.83,22.64
11,50,4,5.44,21.76
12,90,9,6.31,56.79
12,65,8,2.43,19.44
12,84,8,2.53,20.24
13,57,9,1.23,11.07
14,77,3,6.06,18.18
14,17,7,7.52,52.64
14,97,2,3.51,7.02
14,71,7,8.13,56.91
14,70,9,3.96,35.64
15,91,6,8.57,51.42
15,63,6,3.75,22.5
15,70,10,3.96,39.6
16,38,3,1.16,3.48
17,84,5,2.53,12.65
17,97,3,3.51,10.53
18,45,2,1.49,2.98
18,42,2,5.43,10.86
19,77,4,6.06,24.24
19,51,9,6.84,61.56
20,69,8,6.84,54.72
20,67,5,7.36,36.8
20,97,9,3.51,31.59
21,23,5,1.89,9.45
22,28,9,8.36,75.24
22,77,8,6.06,48.48
22,21,7,1.48,10.36
23,7,10,8.65,86.5
23,41,7,1.6,11.2
23,75,10,2.87,28.7
24,46,9,4.25,38.25
24,74,2,2.37,4.74
25,31,1,9.22,9.22
26,31,8,9.22,73.76
26,54,6,9.62,57.72
26,44,2,1.68,3.36
26,65,10,2.43,24.3
27,66,2,7.25,14.5
27,33,2,9.12,18.24
28,96,9,9.46,85.14
28,42,6,5.43,32.58
28,84,8,2.53,20.24
28,67,9,7.36,66.24
28,67,2,7.36,14.72
29,7,4,8.65,34.6
29,33,1,9.12,9.12
29,8,5,3.95,19.75
30,85,1,6.16,6.16
30,89,4,4.17,16.68
30,25,7,3.72,26.04
30,71,2,8.13,16.26
31,53,5,6.81,34.05
31,80,8,3.0,24.0
31,75,2,2.87,5.74
31,48,6,6.02,36.12
31,75,5,2.87,14.35
32,25,7,3.72,26.04
32,75,8,2.87,22.96
32,94,5,6.83,34.15
32,80,1,3.0,3.0
32,73,7,6.05,42.35
33,2,6,8.67,52.02
33,69,1,6.84,6.84
34,18,4,3.17,12.68
35,7,5,8.65,43.25
35,29,8,6.23,49.84
35,41,1,1.6,1.6
35,65,5,2.43,12.15
35,92,10,2.08,20.8
36,46,9,4.25,38.25
36,8,8,3.95,31.6
36,40,7,1.19,8.33
37,31,9,9.22,82.98
37,65,3,2.43,7.29
38,81,8,2.83,22.64
38,9,9,1.67,15.03
38,87,5,4.63,23.15
39,95,2,3.08,6.16
40,27,10,7.32,73.2
40,61,5,3.39,16.95
40,33,9,9.12,82.08
40,64,1,5.24,5.24
40,44,2,1.68,3.36
41,16,5,2.15,10.75
41,31,2,9.22,18.44
41,46,10,4.25,42.5
41,78,5,8.1,40.5
42,85,6,6.16,36.96
42,76,9,8.17,73.53
42,93,4,1.72,6.88
42,44,9,1.68,15.12
43,72,3,2.44,7.32
43,44,7,1.68,11.76
44,88,3,6.41,19.23
44,71,9,8.13,73.17
44,34,6,10.0,60.0
44,99,10,7.22,72.2
45,100,7,2.07,14.49
45,82,7,5.56,38.92
45,89,8,4.17,33.36
45,29,4,6.23,24.92
45,48,10,6.02,60.2
46,63,10,3.75,37.5
46,91,1,8.57,8.57
47,75,2,2.87,5.74
47,17,10,7.52,75.2
47,71,4,8.13,32.52
47,22,6,7.25,43.5
48,52,1,5.12,5.12
48,43,6,4.52,27.12
48,17,3,7.52,22.56
48,64,4,5.24,20.96
48,85,1,6.16,6.16
49,33,6,9.12,54.72
49,39,4,8.59,34.36
50,45,1,1.49,1.49
50,84,10,2.53,25.3
51,81,8,2.83,22.64
52,43,9,4.52,40.68
52,28,9,8.36,75.24
52,77,2,6.06,12.12
53,9,1,1.67,1.67
53,96,10,9.46,94.6
54,75,6,2.87,17.22
54,6,3,8.52,25.56
54,18,8,3.17,25.36
55,22,1,7.25,7.25
55,66,4,7.25,29.0
55,10,1,8.4,8.4
55,27,9,7.32,65.88
56,17,7,7.52,52.64
56,67,5,7.36,36.8
56,48,2,6.02,12.04
56,93,7,1.72,12.04
57,58,9,9.47,85.23
58,78,1,8.1,8.1
58,2,8,8.67,69.36
58,20,4,4.6,18.4
59,30,3,7.8,23.4
59,50,6,5.44,32.64
59,18,5,3.17,15.85
59,68,1,5.09,5.09
59,94,9,6.83,61.47
60,54,6,9.62,57.72
60,68,6,5.09,30.54
60,72,2,2.44,4.88
60,54,8,9.62,76.96
60,15,7,6.03,42.21
61,50,9,5.44,48.96
61,46,6,4.25,25.5
61,95,6,3.08,18.48
62,4,7,8.44,59.08
62,80,6,3.0,18.0
62,49,1,8.89,8.89
63,64,6,5.24,31.44
63,41,1,1.6,1.6
63,51,10,6.84,68.4
63,72,2,2.44,4.88
63,15,6,6.03,36.18
64,85,3,6.16,18.48
64,37,4,3.89,15.56
65,27,2,7.32,14.64
65,39,4,8.59,34.36
65,12,4,8.5,34.0
65,96,7,9.46,66.22
66,50,9,5.44,48.96
66,95,2,3.08,6.16
66,58,1,9.47,9.47
67,1,7,9.92,69.44
67,55,3,1.47,4.41
67,3,9,4.91,44.19
67,83,1,5.66,5.66
68,60,9,5.93,53.37
68,44,8,1.68,13.44
68,46,4,4.25,17.0
69,41,10,1.6,16.0
69,83,10,5.66,56.6
69,13,8,6.76,54.08
70,85,5,6.16,30.8
70,97,3,3.51,10.53
70,52,8,5.12,40.96
71,38,1,1.16,1.16
71,36,2,3.5,7.0
71,80,9,3.0,27.0
72,88,5,6.41,32.05
72,67,10,7.36,73.6
72,48,4,6.02,24.08
73,94,1,6.83,6.83
74,13,5,6.76,33.8
74,13,7,6.76,47.32
74,16,3,2.15,6.45
74,41,9,1.6,14.4
74,45,5,1.49,7.45
75,20,10,4.6,46.0
76,22,8,7.25,58.0
76,98,1,8.8,8.8
76,65,9,2.43,21.87
76,77,4,6.06,24.24
77,81,7,2.83,19.81
77,36,5,3.5,17.5
77,67,5,7.36,36.8
78,21,4,1.48,5.92
78,70,6,3.96,23.76
78,61,1,3.39,3.39
78,83,5,5.66,28.3
78,15,9,6.03,54.27
79,26,10,9.3,93.0
79,74,4,2.37,9.48
79,37,6,3.89,23.34
79,78,2,8.1,16.2
79,54,3,9.62,28.86
80,98,8,8.8,70.4
81,13,2,6.76,13.52
81,76,4,8.17,32.68
81,81,9,2.83,25.47
82,93,10,1.72,17.2
82,55,2,1.47,2.94
83,30,9,7.8,70.2
83,69,2,6.84,13.68
83,58,2,9.47,18.94
83,41,2,1.6,3.2
83,14,10,1.37,13.7
84,41,2,1.6,3.2
84,83,10,5.66,56.6
84,56,3,5.39,16.17
84,65,10,2.43,24.3
84,24,1,1.53,1.53
85,3,6,4.91,29.46
85,13,3,6.76,20.28
85,52,4,5.12,20.48
85,26,1,9.3,9.3
85,28,2,8.36,16.72
86,89,1,4.17,4.17
86,81,10,2.83,28.3
87,36,3,3.5,10.5
87,8,8,3.95,31.6
87,80,3,3.0,9.0
87,4,8,8.44,67.52
87,1,8,9.92,79.36
88,41,7,1.6,11.2
89,99,8,7.22,57.76
89,95,5,3.08,15.4
90,92,3,2.08,6.24
90,43,10,4.52,45.2
90,96,3,9.46,28.38
91,38,2,1.16,2.32
91,55,8,1.47,11.76
91,47,10,9.63,96.3
92,57,7,1.23,8.61
92,38,10,1.16,11.6
93,93,9,1.72,15.48
93,14,8,1.37,10.96
94,71,5,8.13,40.65
95,58,4,9.47,37.88
96,92,5,2.08,10.4
96,54,10,9.62,96.2
96,19,10,1.16,11.6
97,82,3,5.56,16.68
97,50,9,5.44,48.96
97,4,9,8.44,75.96
97,11,3,4.77,14.31
97,14,2,1.37,2.74
98,58,6,9.47,56.82
98,96,9,9.46,85.14
98,54,1,9.62,9.62
99,98,1,8.8,8.8
99,42,5,5.43,27.15
99,62,2,6.7,13.4
99,43,4,4.52,18.08
99,30,5,7.8,39.0
100,71,8,8.13,65.04
100,57,1,1.23,1.23
100,82,10,5.56,55.6
101,53,2,6.81,13.62
101,76,2,8.17,16.34
101,53,4,6.81,27.24
102,38,6,1.16,6.96
103,9,7,1.67,11.69
104,27,6,7.32,43.92
105,34,2,10.0,20.0
105,11,4,4.77,19.08
106,40,9,1.19,10.71
106,61,1,3.39,3.39
106,8,9,3.95,35.55
107,9,5,1.67,8.35
107,65,9,2.43,21.87
107,6,4,8.52,34.08
108,96,4,9.46,37.84
109,16,6,2.15,12.9
109,53,8,6.81,54.48
109,4,8,8.44,67.52
109,37,6,3.89,23.34
109,19,3,1.16,3.48
110,39,8,8.59,68.72
111,56,4,5.39,21.56
111,38,5,1.16,5.8
112,43,1,4.52,4.52
113,21,2,1.48,2.96
113,77,6,6.06,36.36
113,100,8,2.07,16.56
113,70,7,3.96,27.72
114,14,9,1.37,12.33
114,80,9,3.0,27.0
114,84,2,2.53,5.06
114,81,4,2.83,11.32
115,30,1,7.8,7.8
116,51,4,6.84,27.36
117,84,2,2.53,5.06
117,24,6,1.53,9.18
117,96,2,9.46,18.92
117,94,10,6.83,68.3
118,24,4,1.53,6.12
118,18,8,3.17,25.36
118,96,5,9.46,47.3
118,80,5,3.0,15.0
118,93,1,1.72,1.72
119,51,5,6.84,34.2
120,9,3,1.67,5.01
120,96,4,9.46,37.84
121,57,5,1.23,6.15
122,56,4,5.39,21.56
122,70,7,3.96,27.72
122,68,7,5.09,35.63
122,4,7,8.44,59.08
123,14,10,1.37,13.7
123,92,9,2.08,18.72
123,51,9,6.84,61.56
123,86,8,9.44,75.52
123,74,1,2.37,2.37
124,99,1,7.22,7.22
124,60,8,5.93,47.44
124,11,3,4.77,14.31
125,56,2,5.39,10.78
125,9,10,1.67,16.7
125,83,4,5.66,22.64
125,21,10,1.48,14.8
126,60,2,5.93,11.86
126,5,7,9.87,69.09
127,74,7,2.37,16.59
127,16,2,2.15,4.3
127,30,9,7.8,70.2
128,92,5,2.08,10.4
128,36,9,3.5,31.5
128,50,10,5.44,54.4
129,8,2,3.95,7.9
129,65,4,2.43,9.72
130,15,5,6.03,30.15
131,68,1,5.09,5.09
131,91,8,8.57,68.56
131,18,10,3.17,31.7
131,24,8,1.53,12.24
131,4,7,8.44,59.08
132,78,8,8.1,64.8
132,38,9,1.16,10.44
132,42,5,5.43,27.15
132,63,1,3.75,3.75
132,46,7,4.25,29.75
133,12,4,8.5,34.0
133,63,10,3.75,37.5
133,1,5,9.92,49.6
134,10,9,8.4,75.6
134,16,2,2.15,4.3
135,92,10,2.08,20.8
136,48,1,6.02,6.02
136,100,5,2.07,10.35
136,9,8,1.67,13.36
136,69,8,6.84,54.72
136,75,2,2.87,5.74
137,11,5,4.77,23.85
137,27,1,7.32,7.32
137,25,9,3.72,33.48
137,98,5,8.8,44.0
137,87,8,4.63,37.04
138,95,9,3.08,27.72
139,75,4,2.87,11.48
139,24,3,1.53,4.59
139,3,4,4.91,19.64
139,15,4,6.03,24.12
140,24,7,1.53,10.71
140,3,8,4.91,39.28
140,3,3,4.91,14.73
140,55,10,1.47,14.7
141,27,9,7.32,65.88
142,5,4,9.87,39.48
143,13,8,6.76,54.08
144,16,7,2.15,15.05
144,65,3,2.43,7.29
144,22,9,7.25,65.25
144,92,7,2.08,14.56
144,54,10,9.62,96.2
145,42,4,5.43,21.72
145,87,6,4.63,27.78
145,65,3,2.43,7.29
146,60,4,5.93,23.72
146,43,8,4.52,36.16
146,45,10,1.49,14.9
146,95,8,3.08,24.64
146,57,1,1.23,1.23
147,99,3,7.22,21.66
147,80,3,3.0,9.0
147,71,5,8.13,40.65
148,68,10,5.09,50.9
148,86,7,9.44,66.08
149,77,9,6.06,54.54
150,95,3,3.08,9.24
151,12,9,8.5,76.5
151,4,10,8.44,84.4
152,45,10,1.49,14.9
152,58,5,9.47,47.35
152,56,1,5.39,5.39
153,99,7,7.22,50.54
153,10,5,8.4,42.0
154,25,3,3.72,11.16
154,23,6,1.89,11.34
155,63,9,3.75,33.75
155,79,8,3.14,25.12
155,83,8,5.66,45.28
156,17,9,7.52,67.68
156,30,2,7.8,15.6
156,62,7,6.7,46.9
156,67,1,7.36,7.36
156,3,3,4.91,14.73
157,22,6,7.25,43.5
157,2,10,8.67,86.7
158,19,10,1.16,11.6
158,51,4,6.84,27.36
158,95,7,3.08,21.56
158,91,4,8.57,34.28
159,64,3,5.24,15.72
159,100,3,2.07,6.21
159,42,4,5.43,21.72
160,76,10,8.17,81.7
160,72,3,2.44,7.32
160,67,3,7.36,22.08
161,7,8,8.65,69.2
162,67,3,7.36,22.08
162,55,9,1.47,13.23
162,74,10,2.37,23.7
163,93,8,1.72,13.76
163,45,7,1.49,10.43
163,88,8,6.41,51.28
163,35,10,8.96,89.6
164,2,8,8.67,69.36
164,72,4,2.44,9.76
165,98,8,8.8,70.4
165,54,3,9.62,28.86
166,32,9,1.15,10.35
166,19,6,1.16,6.96
166,92,3,2.08,6.24
166,8,1,3.95,3.95
166,7,5,8.65,43.25
167,40,9,1.19,10.71
167,87,8,4.63,37.04
168,56,5,5.39,26.95
168,25,8,3.72,29.76
168,32,3,1.15,3.45
169,47,6,9.63,57.78
169,34,2,10.0,20.0
169,9,3,1.67,5.01
170,30,3,7.8,23.4
171,26,4,9.3,37.2
171,11,9,4.77,42.93
171,68,1,5.09,5.09
171,92,8,2.08,16.64
171,86,4,9.44,37.76
172,85,7,6.16,43.12
172,78,8,8.1,64.8
172,89,7,4.17,29.19
172,97,4,3.51,14.04
172,76,4,8.17,32.68
173,55,8,1.47,11.76
173,96,8,9.46,75.68
174,99,9,7.22,64.98
174,15,6,6.03,36.18
174,100,2,2.07,4.14
175,26,1,9.3,9.3
175,37,7,3.89,27.23
175,84,5,2.53,12.65
175,95,10,3.08,30.8
175,4,3,8.44,25.32
176,34,9,10.0,90.0
176,24,3,1.53,4.59
176,68,8,5.09,40.72
177,34,10,10.0,100.0
177,25,7,3.72,26.04
177,83,4,5.66,22.64
177,59,9,8.94,80.46
177,35,4,8.96,35.84
178,48,3,6.02,18.06
178,93,6,1.72,10.32
178,44,1,1.68,1.68
178,92,8,2.08,16.64
179,93,2,1.72,3.44
179,57,4,1.23,4.92
180,80,4,3.0,12.0
181,38,4,1.16,4.64
181,15,1,6.03,6.03
181,71,5,8.13,40.65
181,93,5,1.72,8.6
182,1,6,9.92,59.52
182,97,8,3.51,28.08
182,55,1,1.47,1.47
182,16,2,2.15,4.3
183,75,5,2.87,14.35
183,95,2,3.08,6.16
183,99,9,7.22,64.98
184,20,2,4.6,9.2
184,92,5,2.08,10.4
184,19,5,1.16,5.8
184,71,5,8.13,40.65
185,87,2,4.63,9.26
185,62,7,6.7,46.9
185,97,3,3.51,10.53
185,86,8,9.44,75.52
186,58,9,9.47,85.23
186,83,6,5.66,33.96
187,66,5,7.25,36.25
188,67,8,7.36,58.88
188,78,1,8.1,8.1
188,72,3,2.44,7.32
188,44,3,1.68,5.04
189,91,7,8.57,59.99
189,44,2,1.68,3.36
189,94,7,6.83,47.81
189,9,4,1.67,6.68
189,58,4,9.47,37.88
190,75,6,2.87,17.22
191,4,3,8.44,25.32
191,1,6,9.92,59.52
191,18,8,3.17,25.36
192,61,9,3.39,30.51
192,84,10,2.53,25.3
192,15,3,6.03,18.09
192,81,4,2.83,11.32
192,87,4,4.63,18.52
193,54,1,9.62,9.62
194,44,3,1.68,5.04
194,31,8,9.22,73.76
195,46,8,4.25,34.0
195,9,2,1.67,3.34
195,92,9,2.08,18.72
195,7,5,8.65,43.25
196,19,6,1.16,6.96
196,29,7,6.23,43.61
197,19,6,1.16,6.96
197,59,1,8.94,8.94
197,58,5,9.47,47.35
197,49,4,8.89,35.56
198,80,9,3.0,27.0
198,29,10,6.23,62.3
198,75,6,2.87,17.22
198,87,2,4.63,9.26
199,22,1,7.25,7.25
199,36,1,3.5,3.5
200,31,8,9.22,73.76
201,72,7,2.44,17.08
201,47,8,9.63,77.04
201,11,10,4.77,47.7
202,48,4,6.02,24.08
202,69,8,6.84,54.72
203,35,6,8.96,53.76
203,35,1,8.96,8.96
203,94,8,6.83,54.64
203,76,7,8.17,57.19
204,23,10,1.89,18.9
204,92,2,2.08,4.16
204,25,6,3.72,22.32
204,25,1,3.72,3.72
205,65,2,2.43,4.86
206,100,7,2.07,14.49
207,72,2,2.44,4.88
207,25,6,3.72,22.32
207,23,10,1.89,18.9
207,99,3,7.22,21.66
207,24,8,1.53,12.24
208,17,10,7.52,75.2
208,23,6,1.89,11.34
208,69,8,6.84,54.72
208,19,9,1.16,10.44
209,79,2,3.14,6.28
209,8,1,3.95,3.95
209,89,5,4.17,20.85
209,97,8,3.51,28.08
209,48,8,6.02,48.16
210,31,1,9.22,9.22
210,23,6,1.89,11.34
210,51,6,6.84,41.04
211,98,3,8.8,26.4
211,72,4,2.44,9.76
211,68,8,5.09,40.72
211,18,10,3.17,31.7
211,15,8,6.03,48.24
212,46,7,4.25,29.75
212,65,10,2.43,24.3
212,95,2,3.08,6.16
212,62,6,6.7,40.2
213,51,7,6.84,47.88
214,44,7,1.68,11.76
215,73,2,6.05,12.1
215,38,10,1.16,11.6
215,94,1,6.83,6.83
215,87,9,4.63,41.67
215,85,9,6.16,55.44
216,71,4,8.13,32.52
216,28,7,8.36,58.52
216,8,5,3.95,19.75
217,30,3,7.8,23.4
217,52,6,5.12,30.72
218,94,7,6.83,47.81
218,17,6,7.52,45.12
218,82,5,5.56,27.8
218,15,8,6.03,48.24
218,88,10,6.41,64.1
219,81,1,2.83,2.83
220,35,1,8.96,8.96
220,52,3,5.12,15.36
220,69,1,6.84,6.84
220,90,1,6.31,6.31
221,29,5,6.23,31.15
222,66,7,7.25,50.75
222,39,1,8.59,8.59
223,17,8,7.52,60.16
223,94,9,6.83,61.47
224,89,5,4.17,20.85
224,94,7,6.83,47.81
224,18,5,3.17,15.85
224,75,5,2.87,14.35
224,40,1,1.19,1.19
225,57,2,1.23,2.46
225,66,6,7.25,43.5
225,95,5,3.08,15.4
226,74,7,2.37,16.59
227,30,4,7.8,31.2
227,60,8,5.93,47.44
228,90,7,6.31,44.17
228,77,5,6.06,30.3
228,58,9,9.47,85.23
228,53,3,6.81,20.43
228,59,3,8.94,26.82
229,43,7,4.52,31.64
230,60,8,5.93,47.44
230,35,1,8.96,8.96
230,78,1,8.1,8.1
231,91,4,8.57,34.28
231,57,4,1.23,4.92
231,78,9,8.1,72.9
232,83,10,5.66,56.6
232,26,4,9.3,37.2
232,18,4,3.17,12.68
232,99,5,7.22,36.1
233,96,1,9.46,9.46
233,30,7,7.8,54.6
233,42,6,5.43,32.58
233,62,2,6.7,13.4
233,31,3,9.22,27.66
234,99,6,7.22,43.32
235,12,6,8.5,51.0
235,99,7,7.22,50.54
235,14,3,1.37,4.11
235,20,8,4.6,36.8
235,78,9,8.1,72.9
236,4,9,8.44,75.96
236,75,8,2.87,22.96
236,45,3,1.49,4.47
236,83,10,5.66,56.6
237,39,10,8.59,85.9
237,44,1,1.68,1.68
237,27,2,7.32,14.64
237,19,4,1.16,4.64
237,48,8,6.02,48.16
238,90,3,6.31,18.93
238,74,9,2.37,21.33
238,77,4,6.06,24.24
238,73,3,6.05,18.15
239,21,7,1.48,10.36
239,5,5,9.87,49.35
239,65,10,2.43,24.3
239,71,2,8.13,16.26
239,4,10,8.44,84.4
240,61,1,3.39,3.39
240,92,1,2.08,2.08
240,19,5,1.16,5.8
241,67,6,7.36,44.16
241,10,7,8.4,58.8
241,94,7,6.83,47.81
242,100,7,2.07,14.49
242,43,9,4.52,40.68
242,44,8,1.68,13.44
242,62,6,6.7,40.2
242,37,10,3.89,38.9
243,4,2,8.44,16.88
244,47,4,9.63,38.52
244,34,8,10.0,80.0
244,7,6,8.65,51.9
244,76,10,8.17,81.7
245,23,1,1.89,1.89
245,40,10,1.19,11.9
246,15,1,6.03,6.03
246,38,5,1.16,5.8
246,3,6,4.91,29.46
246,16,3,2.15,6.45
246,70,7,3.96,27.72
247,73,4,6.05,24.2
248,63,9,3.75,33.75
248,69,5,6.84,34.2
249,59,8,8.94,71.52
250,98,4,8.8,35.2
250,64,10,5.24,52.4
251,79,3,3.14,9.42
251,89,5,4.17,20.85
252,37,8,3.89,31.12
252,63,6,3.75,22.5
253,34,3,10.0,30.0
253,34,5,10.0,50.0
254,32,9,1.15,10.35
254,78,3,8.1,24.3
254,61,7,3.39,23.73
254,99,4,7.22,28.88
254,44,1,1.68,1.68
255,88,4,6.41,25.64
255,66,3,7.25,21.75
255,54,5,9.62,48.1
256,68,3,5.09,15.27
256,43,3,4.52,13.56
256,6,1,8.52,8.52
256,97,10,3.51,35.1
257,97,4,3.51,14.04
257,88,7,6.41,44.87
257,31,7,9.22,64.54
257,61,3,3.39,10.17
257,62,5,6.7,33.5
258,86,1,9.44,9.44
258,23,1,1.89,1.89
258,5,4,9.87,39.48
258,4,9,8.44,75.96
259,18,2,3.17,6.34
259,91,8,8.57,68.56
259,5,6,9.87,59.22
259,7,7,8.65,60.55
260,77,6,6.06,36.36
260,64,5,5.24,26.2
261,85,4,6.16,24.64
261,16,1,2.15,2.15
262,88,5,6.41,32.05
262,99,1,7.22,7.22
262,34,2,10.0,20.0
263,39,2,8.59,17.18
263,90,9,6.31,56.79
263,88,2,6.41,12.82
264,95,7,3.08,21.56
264,53,3,6.81,20.43
264,4,3,8.44,25.32
264,99,5,7.22,36.1
264,3,6,4.91,29.46
265,62,6,6.7,40.2
265,79,1,3.14,3.14
265,71,6,8.13,48.78
265,49,5,8.89,44.45
265,81,4,2.83,11.32
266,47,7,9.63,67.41
266,91,10,8.57,85.7
267,85,9,6.16,55.44
267,9,8,1.67,13.36
267,1,10,9.92,99.2
267,59,5,8.94,44.7
267,72,9,2.44,21.96
268,94,1,6.83,6.83
268,3,8,4.91,39.28
268,30,9,7.8,70.2
269,49,6,8.89,53.34
269,52,2,5.12,10.24
270,71,5,8.13,40.65
271,46,6,4.25,25.5
272,13,5,6.76,33.8
272,43,9,4.52,40.68
273,13,8,6.76,54.08
273,83,7,5.66,39.62
274,14,3,1.37,4.11
274,91,8,8.57,68.56
274,51,7,6.84,47.88
274,50,2,5.44,10.88
275,27,2,7.32,14.64
275,86,9,9.44,84.96
275,66,8,7.25,58.0
275,90,8,6.31,50.48
276,71,6,8.13,48.78
276,69,5,6.84,34.2
276,2,7,8.67,60.69
276,78,6,8.1,48.6
277,5,6,9.87,59.22
277,14,5,1.37,6.85
277,16,9,2.15,19.35
277,100,7,2.07,14.49
278,71,6,8.13,48.78
279,63,7,3.75,26.25
280,46,2,4.25,8.5
280,47,2,9.63,19.26
280,18,5,3.17,15.85
281,3,4,4.91,19.64
281,47,10,9.63,96.3
282,9,4,1.67,6.68
283,55,1,1.47,1.47
283,76,4,8.17,32.68
283,86,6,9.44,56.64
283,26,6,9.3,55.8
284,99,7,7.22,50.54
284,22,9,7.25,65.25
284,53,8,6.81,54.48
285,59,8,8.94,71.52
285,68,10,5.09,50.9
285,87,3,4.63,13.89
286,65,5,2.43,12.15
286,31,2,9.22,18.44
286,95,1,3.08,3.08
287,87,6,4.63,27.78
287,44,2,1.68,3.36
287,1,10,9.92,99.2
287,94,3,6.83,20.49
288,10,10,8.4,84.0
289,24,2,1.53,3.06
290,72,4,2.44,9.76
290,25,3,3.72,11.16
291,90,6,6.31,37.86
291,71,4,8.13,32.52
291,23,5,1.89,9.45
291,74,3,2.37,7.11
292,24,3,1.53,4.59
292,57,2,1.23,2.46
292,82,3,5.56,16.68
293,70,5,3.96,19.8
293,61,6,3.39,20.34
294,70,6,3.96,23.76
295,78,8,8.1,64.8
296,33,1,9.12,9.12
296,9,2,1.67,3.34
296,91,8,8.57,68.56
296,63,3,3.75,11.25
296,5,7,9.87,69.09
297,24,5,1.53,7.65
297,99,7,7.22,50.54
298,91,9,8.57,77.13
298,35,7,8.96,62.72
298,96,2,9.46,18.92
298,16,8,2.15,17.2
299,87,2,4.63,9.26
299,45,3,1.49,4.47
299,10,10,8.4,84.0
299,71,2,8.13,16.26
299,85,9,6.16,55.44
300,98,2,8.8,17.6
300,43,10,4.52,45.2
300,86,4,9.44,37.76
300,89,4,4.17,16.68
300,93,3,1.72,5.16
301,48,4,6.02,24.08
301,90,1,6.31,6.31
301,87,3,4.63,13.89
302,36,2,3.5,7.0
303,45,3,1.49,4.47
303,85,6,6.16,36.96
303,12,2,8.5,17.0
304,40,10,1.19,11.9
304,63,2,3.75,7.5
305,46,9,4.25,38.25
306,70,1,3.96,3.96
307,9,9,1.67,15.03
307,3,9,4.91,44.19
307,81,6,2.83,16.98
308,48,1,6.02,6.02
308,59,6,8.94,53.64
308,25,5,3.72,18.6
308,33,8,9.12,72.96
309,35,10,8.96,89.6
310,57,2,1.23,2.46
310,66,1,7.25,7.25
311,51,2,6.84,13.68
311,82,5,5.56,27.8
311,57,2,1.23,2.46
311,86,7,9.44,66.08
311,92,2,2.08,4.16
312,83,4,5.66,22.64
312,84,10,2.53,25.3
312,18,7,3.17,22.19
312,55,8,1.47,11.76
312,73,2,6.05,12.1
313,55,6,1.47,8.82
313,61,10,3.39,33.9
313,57,10,1.23,12.3
313,2,9,8.67,78.03
313,84,1,2.53,2.53
314,65,4,2.43,9.72
314,85,4,6.16,24.64
314,79,6,3.14,18.84
314,93,7,1.72,12.04
315,61,2,3.39,6.78
315,31,6,9.22,55.32
315,79,9,3.14,28.26
315,35,1,8.96,8.96
316,52,2,5.12,10.24
316,69,9,6.84,61.56
317,15,5,6.03,30.15
317,64,10,5.24,52.4
317,76,10,8.17,81.7
318,86,7,9.44,66.08
318,76,3,8.17,24.51
319,54,10,9.62,96.2
320,56,2,5.39,10.78
320,83,2,5.66,11.32
320,16,6,2.15,12.9
320,30,9,7.8,70.2
320,34,5,10.0,50.0
321,25,4,3.72,14.88
321,77,3,6.06,18.18
321,2,6,8.67,52.02
321,38,2,1.16,2.32
322,69,1,6.84,6.84
322,95,3,3.08,9.24
322,44,8,1.68,13.44
323,69,6,6.84,41.04
323,50,7,5.44,38.08
323,67,10,7.36,73.6
324,13,2,6.76,13.52
324,61,5,3.39,16.95
324,92,3,2.08,6.24
324,87,1,4.63,4.63
324,84,3,2.53,7.59
325,26,7,9.3,65.1
326,59,6,8.94,53.64
326,41,1,1.6,1.6
327,51,6,6.84,41.04
327,68,4,5.09,20.36
327,33,3,9.12,27.36
327,99,2,7.22,14.44
327,90,8,6.31,50.48
328,36,7,3.5,24.5
328,7,10,8.65,86.5
328,76,6,8.17,49.02
328,35,4,8.96,35.84
329,24,1,1.53,1.53
329,82,5,5.56,27.8
329,61,9,3.39,30.51
330,17,10,7.52,75.2
331,24,7,1.53,10.71
331,65,7,2.43,17.01
331,67,10,7.36,73.6
332,96,6,9.46,56.76
332,77,1,6.06,6.06
332,72,3,2.44,7.32
332,78,3,8.1,24.3
332,36,5,3.5,17.5
333,52,8,5.12,40.96
333,39,1,8.59,8.59
333,86,9,9.44,84.96
334,21,7,1.48,10.36
335,60,8,5.93,47.44
335,80,1,3.0,3.0
335,22,10,7.25,72.5
336,15,7,6.03,42.21
336,74,3,2.37,7.11
336,81,5,2.83,14.15
336,15,5,6.03,30.15
336,72,10,2.44,24.4
337,42,5,5.43,27.15
337,87,3,4.63,13.89
338,4,3,8.44,25.32
338,90,9,6.31,56.79
338,90,3,6.31,18.93
339,3,2,4.91,9.82
339,53,7,6.81,47.67
339,20,4,4.6,18.4
340,61,6,3.39,20.34
340,61,3,3.39,10.17
340,1,9,9.92,89.28
340,74,5,2.37,11.85
340,60,5,5.93,29.65
341,98,2,8.8,17.6
341,4,6,8.44,50.64
342,93,3,1.72,5.16
342,92,1,2.08,2.08
343,83,2,5.66,11.32
344,16,4,2.15,8.6
344,95,5,3.08,15.4
344,97,9,3.51,31.59
344,87,5,4.63,23.15
344,76,5,8.17,40.85
345,67,9,7.36,66.24
345,39,4,8.59,34.36
345,99,6,7.22,43.32
345,10,9,8.4,75.6
346,35,6,8.96,53.76
346,51,5,6.84,34.2
347,71,10,8.13,81.3
348,47,7,9.63,67.41
348,67,2,7.36,14.72
349,20,2,4.6,9.2
350,49,8,8.89,71.12
350,5,5,9.87,49.35
350,86,10,9.44,94.4
350,39,1,8.59,8.59
350,97,2,3.51,7.02
351,95,1,3.08,3.08
351,83,2,5.66,11.32
351,26,8,9.3,74.4
352,86,9,9.44,84.96
352,28,3,8.36,25.08
352,44,5,1.68,8.4
353,37,10,3.89,38.9
353,66,5,7.25,36.25
353,52,2,5.12,10.24
353,2,5,8.67,43.35
354,79,4,3.14,12.56
354,51,7,6.84,47.88
354,6,10,8.52,85.2
355,60,4,5.93,23.72
355,38,6,1.16,6.96
356,14,5,1.37,6.85
356,70,2,3.96,7.92
356,10,8,8.4,67.2
357,48,6,6.02,36.12
357,98,7,8.8,61.6
357,23,1,1.89,1.89
357,59,1,8.94,8.94
358,57,5,1.23,6.15
359,16,6,2.15,12.9
359,42,1,5.43,5.43
359,55,2,1.47,2.94
359,98,4,8.8,35.2
359,82,10,5.56,55.6
360,58,9,9.47,85.23
360,91,10,8.57,85.7
360,92,5,2.08,10.4
361,38,6,1.16,6.96
361,61,5,3.39,16.95
361,57,2,1.23,2.46
361,7,5,8.65,43.25
361,90,3,6.31,18.93
362,25,4,3.72,14.88
363,22,10,7.25,72.5
363,10,8,8.4,67.2
363,92,1,2.08,2.08
364,18,5,3.17,15.85
364,89,4,4.17,16.68
364,1,7,9.92,69.44
364,47,8,9.63,77.04
364,76,6,8.17,49.02
365,79,2,3.14,6.28
365,17,4,7.52,30.08
365,90,9,6.31,56.79
365,19,10,1.16,11.6
366,47,4,9.63,38.52
366,64,6,5.24,31.44
366,37,2,3.89,7.78
366,56,2,5.39,10.78
366,77,8,6.06,48.48
367,23,10,1.89,18.9
367,64,7,5.24,36.68
367,64,7,5.24,36.68
367,35,6,8.96,53.76
368,31,8,9.22,73.76
368,2,6,8.67,52.02
368,32,9,1.15,10.35
369,2,8,8.67,69.36
369,85,5,6.16,30.8
370,16,6,2.15,12.9
370,85,9,6.16,55.44
371,51,3,6.84,20.52
372,62,5,6.7,33.5
372,78,5,8.1,40.5
372,24,7,1.53,10.71
372,22,6,7.25,43.5
373,83,8,5.66,45.28
373,82,8,5.56,44.48
373,86,1,9.44,9.44
373,23,4,1.89,7.56
374,95,4,3.08,12.32
374,15,4,6.03,24.12
374,41,1,1.6,1.6
374,31,5,9.22,46.1
375,6,2,8.52,17.04
375,72,4,2.44,9.76
375,100,9,2.07,18.63
375,94,5,6.83,34.15
376,39,9,8.59,77.31
376,40,8,1.19,9.52
377,28,6,8.36,50.16
377,11,1,4.77,4.77
377,98,6,8.8,52.8
378,74,4,2.37,9.48
379,40,9,1.19,10.71
379,79,9,3.14,28.26
379,68,1,5.09,5.09
380,59,3,8.94,26.82
380,22,6,7.25,43.5
380,78,10,8.1,81.0
380,98,4,8.8,35.2
381,65,2,2.43,4.86
381,61,3,3.39,10.17
381,82,1,5.56,5.56
381,45,3,1.49,4.47
381,62,5,6.7,33.5
382,31,6,9.22,55.32
382,53,2,6.81,13.62
382,44,1,1.68,1.68
382,22,8,7.25,58.0
383,32,7,1.15,8.05
383,66,6,7.25,43.5
384,72,4,2.44,9.76
384,74,10,2.37,23.7
384,34,7,10.0,70.0
384,42,8,5.43,43.44
384,15,9,6.03,54.27
385,58,8,9.47,75.76
385,98,9,8.8,79.2
386,43,4,4.52,18.08
386,97,1,3.51,3.51
386,32,4,1.15,4.6
386,95,7,3.08,21.56
386,28,3,8.36,25.08
387,76,9,8.17,73.53
387,87,6,4.63,27.78
388,57,5,1.23,6.15
388,55,9,1.47,13.23
389,81,4,2.83,11.32
389,52,5,5.12,25.6
389,25,10,3.72,37.2
389,52,5,5.12,25.6
390,49,6,8.89,53.34
390,3,7,4.91,34.37
390,31,4,9.22,36.88
390,32,7,1.15,8.05
391,6,7,8.52,59.64
391,67,3,7.36,22.08
392,16,3,2.15,6.45
392,14,9,1.37,12.33
393,23,9,1.89,17.01
393,57,2,1.23,2.46
394,68,9,5.09,45.81
394,36,9,3.5,31.5
394,88,5,6.41,32.05
394,52,5,5.12,25.6
395,4,10,8.44,84.4
395,97,5,3.51,17.55
396,42,4,5.43,21.72
396,95,8,3.08,24.64
396,47,5,9.63,48.15
396,27,9,7.32,65.88
397,39,9,8.59,77.31
397,44,10,1.68,16.8
397,84,6,2.53,15.18
397,43,4,4.52,18.08
398,40,7,1.19,8.33
399,28,9,8.36,75.24
399,22,7,7.25,50.75
399,9,10,1.67,16.7
399,41,2,1.6,3.2
399,87,4,4.63,18.52
400,52,10,5.12,51.2
401,5,9,9.87,88.83
401,34,1,10.0,10.0
401,95,1,3.08,3.08
401,59,5,8.94,44.7
401,20,7,4.6,32.2
402,75,8,2.87,22.96
403,26,6,9.3,55.8
403,72,3,2.44,7.32
403,23,9,1.89,17.01
404,83,6,5.66,33.96
404,32,6,1.15,6.9
404,10,9,8.4,75.6
405,34,5,10.0,50.0
405,79,10,3.14,31.4
405,71,3,8.13,24.39
406,68,3,5.09,15.27
406,72,1,2.44,2.44
406,25,5,3.72,18.6
406,43,4,4.52,18.08
407,68,7,5.09,35.63
407,17,6,7.52,45.12
407,10,2,8.4,16.8
407,93,3,1.72,5.16
407,16,9,2.15,19.35
408,100,3,2.07,6.21
408,41,6,1.6,9.6
408,17,5,7.52,37.6
408,64,5,5.24,26.2
408,5,2,9.87,19.74
409,77,2,6.06,12.12
409,58,1,9.47,9.47
410,79,7,3.14,21.98
410,96,9,9.46,85.14
410,61,10,3.39,33.9
410,18,10,3.17,31.7
411,93,10,1.72,17.2
411,17,4,7.52,30.08
411,90,7,6.31,44.17
411,5,10,9.87,98.7
411,44,6,1.68,10.08
412,37,3,3.89,11.67
412,90,10,6.31,63.1
412,53,7,6.81,47.67
412,29,9,6.23,56.07
412,78,8,8.1,64.8
413,86,10,9.44,94.4
413,30,5,7.8,39.0
413,53,4,6.81,27.24
414,16,10,2.15,21.5
414,68,6,5.09,30.54
414,54,9,9.62,86.58
415,100,8,2.07,16.56
415,49,1,8.89,8.89
415,1,10,9.92,99.2
415,14,5,1.37,6.85
415,37,9,3.89,35.01
416,17,10,7.52,75.2
416,79,3,3.14,9.42
416,25,10,3.72,37.2
416,86,7,9.44,66.08
417,8,3,3.95,11.85
417,5,6,9.87,59.22
417,64,1,5.24,5.24
417,56,1,5.39,5.39
418,31,2,9.22,18.44
418,1,9,9.92,89.28
418,40,4,1.19,4.76
419,41,2,1.6,3.2
419,4,6,8.44,50.64
419,7,10,8.65,86.5
420,39,3,8.59,25.77
420,56,10,5.39,53.9
420,68,8,5.09,40.72
420,48,4,6.02,24.08
421,65,6,2.43,14.58
421,79,3,3.14,9.42
421,84,9,2.53,22.77
421,12,8,8.5,68.0
421,79,8,3.14,25.12
422,34,7,10.0,70.0
423,7,10,8.65,86.5
423,90,2,6.31,12.62
424,80,4,3.0,12.0
424,85,2,6.16,12.32
424,45,4,1.49,5.96
424,59,9,8.94,80.46
425,45,10,1.49,14.9
425,87,4,4.63,18.52
425,47,2,9.63,19.26
425,79,6,3.14,18.84
425,93,7,1.72,12.04
426,62,1,6.7,6.7
426,56,1,5.39,5.39
426,26,9,9.3,83.7
426,65,2,2.43,4.86
426,97,1,3.51,3.51
427,83,5,5.66,28.3
427,89,8,4.17,33.36
427,100,10,2.07,20.7
428,68,2,5.09,10.18
429,52,4,5.12,20.48
429,42,10,5.43,54.3
429,11,1,4.77,4.77
430,10,4,8.4,33.6
431,70,2,3.96,7.92
431,84,6,2.53,15.18
431,61,7,3.39,23.73
432,73,7,6.05,42.35
432,4,9,8.44,75.96
432,10,5,8.4,42.0
432,23,10,1.89,18.9
433,77,1,6.06,6.06
433,55,9,1.47,13.23
433,95,10,3.08,30.8
433,2,3,8.67,26.01
433,83,9,5.66,50.94
434,3,3,4.91,14.73
435,47,3,9.63,28.89
436,2,6,8.67,52.02
437,37,3,3.89,11.67
437,12,4,8.5,34.0
437,52,10,5.12,51.2
437,78,3,8.1,24.3
437,29,1,6.23,6.23
438,77,3,6.06,18.18
438,61,3,3.39,10.17
438,96,6,9.46,56.76
439,63,6,3.75,22.5
439,10,10,8.4,84.0
439,5,7,9.87,69.09
439,61,5,3.39,16.95
439,17,2,7.52,15.04
440,80,9,3.0,27.0
440,10,4,8.4,33.6
441,36,8,3.5,28.0
441,70,9,3.96,35.64
441,97,3,3.51,10.53
442,15,8,6.03,48.24
443,16,2,2.15,4.3
443,26,7,9.3,65.1
443,84,10,2.53,25.3
443,1,9,9.92,89.28
443,60,6,5.93,35.58
444,66,5,7.25,36.25
444,75,3,2.87,8.61
444,12,9,8.5,76.5
445,35,2,8.96,17.92
446,17,8,7.52,60.16
447,62,4,6.7,26.8
447,25,1,3.72,3.72
447,6,9,8.52,76.68
448,60,7,5.93,41.51
448,59,1,8.94,8.94
448,9,2,1.67,3.34
448,99,5,7.22,36.1
448,90,2,6.31,12.62
449,92,5,2.08,10.4
449,85,9,6.16,55.44
449,69,4,6.84,27.36
450,55,4,1.47,5.88
450,81,3,2.83,8.49
450,20,7,4.6,32.2
451,76,2,8.17,16.34
452,35,1,8.96,8.96
452,3,8,4.91,39.28
452,100,7,2.07,14.49
453,27,1,7.32,7.32
453,19,5,1.16,5.8
453,66,5,7.25,36.25
453,38,2,1.16,2.32
453,99,4,7.22,28.88
454,17,1,7.52,7.52
454,35,4,8.96,35.84
455,92,7,2.08,14.56
455,50,5,5.44,27.2
456,18,5,3.17,15.85
456,11,10,4.77,47.7
456,3,6,4.91,29.46
457,57,4,1.23,4.92
457,37,8,3.89,31.12
457,27,10,7.32,73.2
457,3,10,4.91,49.1
457,62,7,6.7,46.9
458,3,10,4.91,49.1
458,18,2,3.17,6.34
458,62,3,6.7,20.1
459,17,10,7.52,75.2
459,86,5,9.44,47.2
459,10,1,8.4,8.4
460,43,6,4.52,27.12
460,45,9,1.49,13.41
460,37,9,3.89,35.01
460,75,1,2.87,2.87
461,11,7,4.77,33.39
461,16,5,2.15,10.75
461,25,7,3.72,26.04
462,4,4,8.44,33.76
463,14,8,1.37,10.96
463,55,6,1.47,8.82
463,80,3,3.0,9.0
463,39,7,8.59,60.13
464,18,7,3.17,22.19
464,41,3,1.6,4.8
464,66,9,7.25,65.25
464,33,9,9.12,82.08
465,14,7,1.37,9.59
466,62,1,6.7,6.7
466,55,4,1.47,5.88
467,31,10,9.22,92.2
468,6,9,8.52,76.68
469,52,2,5.12,10.24
469,95,4,3.08,12.32
469,12,4,8.5,34.0
470,87,1,4.63,4.63
470,45,8,1.49,11.92
471,78,1,8.1,8.1
472,78,7,8.1,56.7
472,41,4,1.6,6.4
472,21,5,1.48,7.4
472,60,1,5.93,5.93
473,54,2,9.62,19.24
473,24,8,1.53,12.24
473,49,6,8.89,53.34
473,70,7,3.96,27.72
474,35,8,8.96,71.68
474,10,3,8.4,25.2
475,58,5,9.47,47.35
475,88,10,6.41,64.1
475,12,4,8.5,34.0
475,49,4,8.89,35.56
476,1,5,9.92,49.6
476,96,1,9.46,9.46
476,70,5,3.96,19.8
476,56,7,5.39,37.73
477,12,6,8.5,51.0
477,14,9,1.37,12.33
478,16,7,2.15,15.05
478,38,2,1.16,2.32
479,52,7,5.12,35.84
479,63,6,3.75,22.5
479,80,2,3.0,6.0
479,7,7,8.65,60.55
480,35,2,8.96,17.92
481,37,9,3.89,35.01
482,77,7,6.06,42.42
482,95,2,3.08,6.16
482,43,9,4.52,40.68
482,34,1,10.0,10.0
482,76,10,8.17,81.7
483,69,10,6.84,68.4
483,58,7,9.47,66.29
483,2,1,8.67,8.67
483,3,6,4.91,29.46
483,84,5,2.53,12.65
484,24,6,1.53,9.18
484,84,7,2.53,17.71
485,38,1,1.16,1.16
485,90,1,6.31,6.31
486,56,8,5.39,43.12
486,62,5,6.7,33.5
487,50,2,5.44,10.88
487,35,1,8.96,8.96
488,14,5,1.37,6.85
488,37,1,3.89,3.89
488,53,10,6.81,68.1
488,48,4,6.02,24.08
488,28,6,8.36,50.16
489,27,4,7.32,29.28
490,38,10,1.16,11.6
490,46,7,4.25,29.75
490,78,7,8.1,56.7
490,35,4,8.96,35.84
490,76,4,8.17,32.68
491,37,6,3.89,23.34
492,64,7,5.24,36.68
492,17,6,7.52,45.12
492,99,9,7.22,64.98
492,71,9,8.13,73.17
493,30,8,7.8,62.4
493,55,8,1.47,11.76
493,37,10,3.89,38.9
493,26,7,9.3,65.1
493,50,2,5.44,10.88
494,57,8,1.23,9.84
494,39,6,8.59,51.54
494,9,6,1.67,10.02
494,58,2,9.47,18.94
494,58,6,9.47,56.82
495,66,5,7.25,36.25
495,80,8,3.0,24.0
495,71,7,8.13,56.91
495,87,1,4.63,4.63
496,99,7,7.22,50.54
497,14,6,1.37,8.22
497,70,2,3.96,7.92
498,11,5,4.77,23.85
498,75,4,2.87,11.48
498,9,6,1.67,10.02
498,95,10,3.08,30.8
498,96,1,9.46,9.46
499,16,4,2.15,8.6
499,66,10,7.25,72.5
499,94,1,6.83,6.83
499,62,8,6.7,53.6
499,38,3,1.16,3.48
500,34,5,10.0,50.0
501,86,3,9.44,28.32
501,5,7,9.87,69.09
501,10,10,8.4,84.0
501,50,7,5.44,38.08
501,32,9,1.15,10.35
502,35,4,8.96,35.84
502,3,8,4.91,39.28
502,2,5,8.67,43.35
503,52,8,5.12,40.96
503,96,6,9.46,56.76
503,53,1,6.81,6.81
504,18,3,3.17,9.51
504,30,1,7.8,7.8
504,42,9,5.43,48.87
504,15,9,6.03,54.27
504,93,3,1.72,5.16
505,64,9,5.24,47.16
505,89,8,4.17,33.36
505,83,9,5.66,50.94
505,88,6,6.41,38.46
506,26,7,9.3,65.1
506,26,9,9.3,83.7
506,18,10,3.17,31.7
507,17,1,7.52,7.52
507,98,8,8.8,70.4
507,22,6,7.25,43.5
507,90,7,6.31,44.17
508,45,7,1.49,10.43
508,69,4,6.84,27.36
508,49,10,8.89,88.9
508,64,7,5.24,36.68
508,11,8,4.77,38.16
509,1,5,9.92,49.6
509,63,9,3.75,33.75
509,46,9,4.25,38.25
509,19,5,1.16,5.8
510,55,7,1.47,10.29
510,64,1,5.24,5.24
511,11,6,4.77,28.62
512,97,6,3.51,21.06
512,79,8,3.14,25.12
513,38,2,1.16,2.32
513,90,2,6.31,12.62
514,41,4,1.6,6.4
514,1,4,9.92,39.68
514,77,8,6.06,48.48
515,7,3,8.65,25.95
516,37,9,3.89,35.01
516,68,2,5.09,10.18
516,70,7,3.96,27.72
516,19,6,1.16,6.96
516,20,9,4.6,41.4
517,21,5,1.48,7.4
517,85,5,6.16,30.8
518,22,7,7.25,50.75
518,46,8,4.25,34.0
518,100,6,2.07,12.42
518,19,7,1.16,8.12
519,65,8,2.43,19.44
520,86,10,9.44,94.4
521,80,7,3.0,21.0
522,62,10,6.7,67.0
522,13,8,6.76,54.08
522,11,7,4.77,33.39
522,40,4,1.19,4.76
523,31,3,9.22,27.66
524,50,4,5.44,21.76
524,91,8,8.57,68.56
524,46,8,4.25,34.0
525,67,10,7.36,73.6
525,45,8,1.49,11.92
525,37,10,3.89,38.9
525,81,5,2.83,14.15
526,2,5,8.67,43.35
526,82,10,5.56,55.6
526,64,3,5.24,15.72
527,60,3,5.93,17.79
527,75,10,2.87,28.7
527,36,7,3.5,24.5
528,90,6,6.31,37.86
528,14,3,1.37,4.11
528,28,1,8.36,8.36
529,94,9,6.83,61.47
530,11,1,4.77,4.77
530,30,7,7.8,54.6
531,23,2,1.89,3.78
531,17,6,7.52,45.12
531,95,6,3.08,18.48
531,71,5,8.13,40.65
532,18,7,3.17,22.19
532,60,4,5.93,23.72
532,3,5,4.91,24.55
532,99,8,7.22,57.76
533,2,10,8.67,86.7
533,60,5,5.93,29.65
533,43,6,4.52,27.12
533,23,5,1.89,9.45
533,79,2,3.14,6.28
534,87,5,4.63,23.15
534,52,4,5.12,20.48
534,77,8,6.06,48.48
534,78,2,8.1,16.2
535,65,5,2.43,12.15
535,73,3,6.05,18.15
535,86,5,9.44,47.2
535,98,8,8.8,70.4
536,90,10,6.31,63.1
537,91,3,8.57,25.71
537,5,3,9.87,29.61
538,88,2,6.41,12.82
538,49,9,8.89,80.01
538,21,8,1.48,11.84
538,95,6,3.08,18.48
539,26,4,9.3,37.2
539,61,8,3.39,27.12
539,82,9,5.56,50.04
540,17,10,7.52,75.2
540,43,5,4.52,22.6
540,76,7,8.17,57.19
540,87,9,4.63,41.67
541,7,1,8.65,8.65
541,85,7,6.16,43.12
541,74,3,2.37,7.11
542,72,5,2.44,12.2
542,36,9,3.5,31.5
543,90,6,6.31,37.86
543,49,7,8.89,62.23
543,87,2,4.63,9.26
543,70,5,3.96,19.8
543,64,7,5.24,36.68
544,5,2,9.87,19.74
544,9,7,1.67,11.69
545,87,9,4.63,41.67
546,19,10,1.16,11.6
546,44,6,1.68,10.08
547,25,4,3.72,14.88
547,81,4,2.83,11.32
547,68,10,5.09,50.9
547,36,4,3.5,14.0
547,100,9,2.07,18.63
548,1,10,9.92,99.2
548,89,1,4.17,4.17
549,43,1,4.52,4.52
549,11,4,4.77,19.08
549,9,6,1.67,10.02
549,88,10,6.41,64.1
550,16,3,2.15,6.45
550,76,5,8.17,40.85
550,36,5,3.5,17.5
550,89,3,4.17,12.51
551,32,9,1.15,10.35
551,35,1,8.96,8.96
552,70,4,3.96,15.84
553,1,5,9.92,49.6
553,70,2,3.96,7.92
553,90,9,6.31,56.79
553,50,6,5.44,32.64
553,34,8,10.0,80.0
554,75,6,2.87,17.22
554,97,9,3.51,31.59
554,17,2,7.52,15.04
554,4,8,8.44,67.52
554,32,3,1.15,3.45
555,9,6,1.67,10.02
555,30,8,7.8,62.4
555,60,9,5.93,53.37
556,63,10,3.75,37.5
556,7,5,8.65,43.25
556,70,9,3.96,35.64
557,9,7,1.67,11.69
557,74,6,2.37,14.22
557,2,9,8.67,78.03
557,27,10,7.32,73.2
557,74,4,2.37,9.48
558,88,8,6.41,51.28
558,20,10,4.6,46.0
558,90,9,6.31,56.79
558,96,5,9.46,47.3
558,9,8,1.67,13.36
559,67,8,7.36,58.88
559,65,2,2.43,4.86
559,54,5,9.62,48.1
559,100,1,2.07,2.07
560,38,10,1.16,11.6
560,36,10,3.5,35.0
561,11,9,4.77,42.93
561,8,7,3.95,27.65
561,48,10,6.02,60.2
562,62,10,6.7,67.0
562,16,5,2.15,10.75
562,25,2,3.72,7.44
562,69,5,6.84,34.2
562,6,6,8.52,51.12
563,89,3,4.17,12.51
563,23,1,1.89,1.89
563,79,4,3.14,12.56
564,50,3,5.44,16.32
564,60,5,5.93,29.65
564,96,6,9.46,56.76
565,68,3,5.09,15.27
565,30,5,7.8,39.0
565,94,3,6.83,20.49
566,76,2,8.17,16.34
566,55,9,1.47,13.23
566,35,7,8.96,62.72
566,71,6,8.13,48.78
567,59,7,8.94,62.58
567,61,5,3.39,16.95
568,64,3,5.24,15.72
568,91,9,8.57,77.13
568,8,3,3.95,11.85
568,55,3,1.47,4.41
568,77,9,6.06,54.54
569,17,1,7.52,7.52
569,50,6,5.44,32.64
570,36,7,3.5,24.5
570,94,7,6.83,47.81
571,57,3,1.23,3.69
571,35,5,8.96,44.8
571,34,1,10.0,10.0
571,6,9,8.52,76.68
572,51,10,6.84,68.4
573,35,5,8.96,44.8
573,89,5,4.17,20.85
573,50,9,5.44,48.96
573,78,9,8.1,72.9
574,2,7,8.67,60.69
574,93,10,1.72,17.2
575,95,9,3.08,27.72
575,50,3,5.44,16.32
576,20,4,4.6,18.4
576,48,10,6.02,60.2
577,99,4,7.22,28.88
577,34,8,10.0,80.0
578,97,6,3.51,21.06
578,47,9,9.63,86.67
579,47,8,9.63,77.04
579,39,5,8.59,42.95
580,57,3,1.23,3.69
580,9,4,1.67,6.68
580,8,1,3.95,3.95
581,78,3,8.1,24.3
581,19,4,1.16,4.64
581,39,8,8.59,68.72
582,89,10,4.17,41.7
582,4,1,8.44,8.44
583,60,7,5.93,41.51
583,45,5,1.49,7.45
583,70,10,3.96,39.6
583,18,4,3.17,12.68
584,22,2,7.25,14.5
584,77,6,6.06,36.36
584,1,4,9.92,39.68
584,67,4,7.36,29.44
584,4,2,8.44,16.88
585,10,10,8.4,84.0
585,20,10,4.6,46.0
585,18,1,3.17,3.17
585,23,1,1.89,1.89
586,14,9,1.37,12.33
586,70,8,3.96,31.68
586,60,8,5.93,47.44
586,7,7,8.65,60.55
587,15,9,6.03,54.27
587,82,8,5.56,44.48
588,10,1,8.4,8.4
589,59,6,8.94,53.64
589,8,10,3.95,39.5
589,47,7,9.63,67.41
590,93,9,1.72,15.48
590,37,4,3.89,15.56
591,73,5,6.05,30.25
591,99,1,7.22,7.22
591,85,1,6.16,6.16
592,66,5,7.25,36.25
592,94,6,6.83,40.98
592,76,3,8.17,24.51
592,66,4,7.25,29.0
593,34,5,10.0,50.0
593,94,6,6.83,40.98
593,90,2,6.31,12.62
593,87,6,4.63,27.78
593,57,1,1.23,1.23
594,64,5,5.24,26.2
594,81,6,2.83,16.98
594,57,7,1.23,8.61
594,76,5,8.17,40.85
594,95,7,3.08,21.56
595,63,1,3.75,3.75
595,92,4,2.08,8.32
596,69,1,6.84,6.84
597,50,4,5.44,21.76
598,20,7,4.6,32.2
598,56,5,5.39,26.95
598,10,5,8.4,42.0
598,70,6,3.96,23.76
598,5,4,9.87,39.48
599,8,8,3.95,31.6
599,64,9,5.24,47.16
600,68,8,5.09,40.72
600,7,10,8.65,86.5
601,64,2,5.24,10.48
602,56,2,5.39,10.78
602,57,8,1.23,9.84
603,69,4,6.84,27.36
603,2,6,8.67,52.02
603,24,2,1.53,3.06
603,53,5,6.81,34.05
603,14,9,1.37,12.33
604,12,7,8.5,59.5
604,96,8,9.46,75.68
604,3,5,4.91,24.55
604,56,4,5.39,21.56
604,20,1,4.6,4.6
605,61,5,3.39,16.95
605,44,8,1.68,13.44
605,41,4,1.6,6.4
605,47,6,9.63,57.78
605,31,4,9.22,36.88
606,51,1,6.84,6.84
606,33,2,9.12,18.24
606,33,3,9.12,27.36
606,41,4,1.6,6.4
607,95,7,3.08,21.56
607,1,9,9.92,89.28
607,71,1,8.13,8.13
608,2,8,8.67,69.36
608,69,2,6.84,13.68
608,49,6,8.89,53.34
609,93,7,1.72,12.04
609,2,1,8.67,8.67
609,10,3,8.4,25.2
610,42,5,5.43,27.15
610,69,5,6.84,34.2
610,19,1,1.16,1.16
611,24,2,1.53,3.06
611,71,7,8.13,56.91
611,91,5,8.57,42.85
611,99,7,7.22,50.54
611,44,10,1.68,16.8
612,10,3,8.4,25.2
612,70,7,3.96,27.72
612,81,10,2.83,28.3
613,2,8,8.67,69.36
614,73,6,6.05,36.3
614,17,9,7.52,67.68
614,51,7,6.84,47.88
614,1,7,9.92,69.44
615,26,7,9.3,65.1
615,93,6,1.72,10.32
615,57,4,1.23,4.92
615,61,6,3.39,20.34
615,31,8,9.22,73.76
616,50,4,5.44,21.76
617,50,2,5.44,10.88
617,30,5,7.8,39.0
618,65,8,2.43,19.44
618,95,4,3.08,12.32
618,46,5,4.25,21.25
618,68,8,5.09,40.72
619,43,10,4.52,45.2
619,73,1,6.05,6.05
619,53,7,6.81,47.67
619,13,7,6.76,47.32
619,38,2,1.16,2.32
620,8,6,3.95,23.7
620,93,4,1.72,6.88
620,73,3,6.05,18.15
620,91,5,8.57,42.85
621,58,2,9.47,18.94
621,31,2,9.22,18.44
621,86,10,9.44,94.4
621,79,4,3.14,12.56
622,64,7,5.24,36.68
622,3,9,4.91,44.19
622,90,8,6.31,50.48
623,3,3,4.91,14.73
623,24,2,1.53,3.06
623,11,8,4.77,38.16
624,86,1,9.44,9.44
624,78,2,8.1,16.2
624,22,2,7.25,14.5
624,93,8,1.72,13.76
625,21,9,1.48,13.32
625,5,1,9.87,9.87
625,18,8,3.17,25.36
625,49,5,8.89,44.45
626,10,10,8.4,84.0
626,3,3,4.91,14.73
626,81,5,2.83,14.15
627,11,10,4.77,47.7
627,7,6,8.65,51.9
628,78,9,8.1,72.9
628,43,4,4.52,18.08
629,42,6,5.43,32.58
629,63,6,3.75,22.5
630,83,9,5.66,50.94
631,28,9,8.36,75.24
631,18,8,3.17,25.36
632,71,3,8.13,24.39
632,51,4,6.84,27.36
633,5,9,9.87,88.83
633,93,2,1.72,3.44
633,22,6,7.25,43.5
633,81,4,2.83,11.32
633,78,10,8.1,81.0
634,38,8,1.16,9.28
634,12,7,8.5,59.5
635,73,1,6.05,6.05
635,1,5,9.92,49.6
635,12,3,8.5,25.5
636,26,7,9.3,65.1
636,40,10,1.19,11.9
636,68,2,5.09,10.18
637,36,10,3.5,35.0
638,7,3,8.65,25.95
638,99,1,7.22,7.22
638,19,2,1.16,2.32
639,31,6,9.22,55.32
639,77,8,6.06,48.48
639,6,1,8.52,8.52
640,73,7,6.05,42.35
641,99,7,7.22,50.54
641,77,7,6.06,42.42
641,78,7,8.1,56.7
642,11,8,4.77,38.16
642,39,7,8.59,60.13
643,26,3,9.3,27.9
643,47,10,9.63,96.3
643,75,8,2.87,22.96
643,7,1,8.65,8.65
644,58,3,9.47,28.41
644,60,4,5.93,23.72
644,78,8,8.1,64.8
644,88,7,6.41,44.87
645,11,10,4.77,47.7
645,79,2,3.14,6.28
645,12,9,8.5,76.5
645,56,5,5.39,26.95
645,80,4,3.0,12.0
646,47,1,9.63,9.63
646,82,5,5.56,27.8
646,29,9,6.23,56.07
646,42,5,5.43,27.15
646,94,5,6.83,34.15
647,76,7,8.17,57.19
647,2,9,8.67,78.03
647,49,8,8.89,71.12
648,45,2,1.49,2.98
648,100,6,2.07,12.42
649,48,7,6.02,42.14
649,70,3,3.96,11.88
649,100,9,2.07,18.63
650,24,8,1.53,12.24
651,19,5,1.16,5.8
651,72,5,2.44,12.2
651,21,3,1.48,4.44
651,1,4,9.92,39.68
652,59,1,8.94,8.94
653,35,3,8.96,26.88
653,11,7,4.77,33.39
653,27,5,7.32,36.6
653,50,3,5.44,16.32
653,40,6,1.19,7.14
654,54,3,9.62,28.86
654,48,6,6.02,36.12
654,5,6,9.87,59.22
654,58,9,9.47,85.23
655,80,2,3.0,6.0
656,95,5,3.08,15.4
656,32,2,1.15,2.3
656,86,2,9.44,18.88
657,76,8,8.17,65.36
658,4,7,8.44,59.08
658,17,1,7.52,7.52
658,20,4,4.6,18.4
658,90,6,6.31,37.86
659,38,6,1.16,6.96
659,17,2,7.52,15.04
659,14,8,1.37,10.96
659,61,6,3.39,20.34
660,29,6,6.23,37.38
661,4,9,8.44,75.96
661,44,8,1.68,13.44
661,52,8,5.12,40.96
662,90,8,6.31,50.48
662,33,3,9.12,27.36
662,78,10,8.1,81.0
663,42,2,5.43,10.86
663,85,2,6.16,12.32
663,15,2,6.03,12.06
664,72,3,2.44,7.32
665,5,5,9.87,49.35
665,93,7,1.72,12.04
665,56,1,5.39,5.39
665,63,1,3.75,3.75
666,77,5,6.06,30.3
666,26,10,9.3,93.0
666,23,10,1.89,18.9
667,10,6,8.4,50.4
667,91,1,8.57,8.57
667,64,8,5.24,41.92
668,70,6,3.96,23.76
668,72,4,2.44,9.76
668,54,1,9.62,9.62
668,5,7,9.87,69.09
669,31,8,9.22,73.76
669,34,2,10.0,20.0
669,91,10,8.57,85.7
669,56,3,5.39,16.17
669,5,9,9.87,88.83
670,49,6,8.89,53.34
670,69,5,6.84,34.2
670,99,10,7.22,72.2
671,83,1,5.66,5.66
671,84,2,2.53,5.06
671,77,1,6.06,6.06
671,59,2,8.94,17.88
672,51,3,6.84,20.52
672,63,6,3.75,22.5
672,81,7,2.83,19.81
673,43,4,4.52,18.08
673,15,2,6.03,12.06
674,87,4,4.63,18.52
674,93,5,1.72,8.6
674,87,6,4.63,27.78
674,66,7,7.25,50.75
675,29,6,6.23,37.38
675,35,8,8.96,71.68
675,24,8,1.53,12.24
675,51,10,6.84,68.4
676,77,6,6.06,36.36
676,17,5,7.52,37.6
676,79,6,3.14,18.84
677,66,4,7.25,29.0
677,27,4,7.32,29.28
677,61,8,3.39,27.12
678,93,1,1.72,1.72
679,57,9,1.23,11.07
680,43,8,4.52,36.16
680,82,10,5.56,55.6
681,76,4,8.17,32.68
681,83,3,5.66,16.98
681,11,10,4.77,47.7
681,15,4,6.03,24.12
682,85,4,6.16,24.64
682,70,1,3.96,3.96
682,18,1,3.17,3.17
682,30,2,7.8,15.6
682,24,7,1.53,10.71
683,31,4,9.22,36.88
683,86,2,9.44,18.88
683,96,8,9.46,75.68
684,24,9,1.53,13.77
684,43,9,4.52,40.68
684,25,5,3.72,18.6
685,21,10,1.48,14.8
685,61,1,3.39,3.39
686,90,3,6.31,18.93
686,47,4,9.63,38.52
686,46,5,4.25,21.25
687,57,8,1.23,9.84
687,11,10,4.77,47.7
687,63,8,3.75,30.0
688,93,9,1.72,15.48
688,14,3,1.37,4.11
689,99,1,7.22,7.22
689,90,6,6.31,37.86
689,90,2,6.31,12.62
690,72,4,2.44,9.76
690,40,5,1.19,5.95
690,95,8,3.08,24.64
690,86,10,9.44,94.4
691,32,9,1.15,10.35
692,66,2,7.25,14.5
693,37,1,3.89,3.89
693,31,2,9.22,18.44
694,16,3,2.15,6.45
694,1,10,9.92,99.2
695,14,1,1.37,1.37
696,38,2,1.16,2.32
696,18,2,3.17,6.34
696,30,6,7.8,46.8
696,25,10,3.72,37.2
697,100,9,2.07,18.63
697,54,2,9.62,19.24
698,53,8,6.81,54.48
698,2,8,8.67,69.36
698,50,10,5.44,54.4
698,78,8,8.1,64.8
698,6,4,8.52,34.08
699,29,1,6.23,6.23
699,69,4,6.84,27.36
699,100,1,2.07,2.07
699,86,9,9.44,84.96
700,51,6,6.84,41.04
700,26,7,9.3,65.1
700,69,8,6.84,54.72
700,65,1,2.43,2.43
700,80,9,3.0,27.0
701,17,4,7.52,30.08
701,8,9,3.95,35.55
701,41,8,1.6,12.8
702,100,1,2.07,2.07
703,50,2,5.44,10.88
703,55,4,1.47,5.88
703,33,9,9.12,82.08
703,65,9,2.43,21.87
704,70,6,3.96,23.76
704,62,10,6.7,67.0
705,42,2,5.43,10.86
705,98,1,8.8,8.8
705,42,10,5.43,54.3
705,55,9,1.47,13.23
705,52,1,5.12,5.12
706,75,7,2.87,20.09
706,3,6,4.91,29.46
707,96,5,9.46,47.3
707,12,4,8.5,34.0
707,70,6,3.96,23.76
707,25,4,3.72,14.88
707,46,2,4.25,8.5
708,74,10,2.37,23.7
708,39,8,8.59,68.72
709,60,2,5.93,11.86
710,1,4,9.92,39.68
710,14,9,1.37,12.33
710,13,4,6.76,27.04
710,15,7,6.03,42.21
710,82,9,5.56,50.04
711,14,8,1.37,10.96
712,92,8,2.08,16.64
712,2,7,8.67,60.69
713,87,8,4.63,37.04
714,23,7,1.89,13.23
714,13,3,6.76,20.28
714,75,1,2.87,2.87
714,58,2,9.47,18.94
715,61,1,3.39,3.39
715,81,10,2.83,28.3
715,60,10,5.93,59.3
716,51,5,6.84,34.2
716,21,8,1.48,11.84
716,44,1,1.68,1.68
717,31,6,9.22,55.32
717,14,7,1.37,9.59
717,64,9,5.24,47.16
717,58,6,9.47,56.82
718,55,1,1.47,1.47
718,13,7,6.76,47.32
718,48,2,6.02,12.04
718,79,10,3.14,31.4
719,71,1,8.13,8.13
719,25,5,3.72,18.6
719,99,8,7.22,57.76
720,98,1,8.8,8.8
720,82,7,5.56,38.92
720,87,4,4.63,18.52
720,75,5,2.87,14.35
720,98,5,8.8,44.0
721,53,7,6.81,47.67
721,47,9,9.63,86.67
721,44,7,1.68,11.76
722,96,6,9.46,56.76
722,12,2,8.5,17.0
722,5,9,9.87,88.83
722,24,2,1.53,3.06
723,82,3,5.56,16.68
724,75,4,2.87,11.48
724,18,8,3.17,25.36
724,90,10,6.31,63.1
724,16,7,2.15,15.05
724,17,9,7.52,67.68
725,63,2,3.75,7.5
725,77,7,6.06,42.42
725,41,6,1.6,9.6
725,99,2,7.22,14.44
725,62,4,6.7,26.8
726,75,10,2.87,28.7
726,10,10,8.4,84.0
727,83,3,5.66,16.98
727,35,2,8.96,17.92
727,7,7,8.65,60.55
728,92,10,2.08,20.8
729,7,8,8.65,69.2
729,6,8,8.52,68.16
729,24,3,1.53,4.59
729,27,9,7.32,65.88
730,64,4,5.24,20.96
730,54,9,9.62,86.58
730,84,10,2.53,25.3
730,68,8,5.09,40.72
731,41,7,1.6,11.2
731,99,9,7.22,64.98
731,83,7,5.66,39.62
731,89,9,4.17,37.53
732,20,10,4.6,46.0
732,27,6,7.32,43.92
732,96,10,9.46,94.6
733,55,10,1.47,14.7
734,48,1,6.02,6.02
734,10,2,8.4,16.8
734,7,6,8.65,51.9
734,67,10,7.36,73.6
735,50,10,5.44,54.4
735,36,7,3.5,24.5
735,25,1,3.72,3.72
735,35,10,8.96,89.6
735,95,3,3.08,9.24
736,1,3,9.92,29.76
737,75,4,2.87,11.48
737,23,1,1.89,1.89
737,39,2,8.59,17.18
737,84,9,2.53,22.77
737,40,10,1.19,11.9
738,93,5,1.72,8.6
738,100,3,2.07,6.21
738,80,4,3.0,12.0
738,61,5,3.39,16.95
738,90,7,6.31,44.17
739,50,6,5.44,32.64
739,25,7,3.72,26.04
739,89,3,4.17,12.51
740,89,4,4.17,16.68
740,29,7,6.23,43.61
740,77,2,6.06,12.12
740,85,7,6.16,43.12
741,45,4,1.49,5.96
741,51,7,6.84,47.88
741,78,1,8.1,8.1
742,51,6,6.84,41.04
742,56,3,5.39,16.17
743,3,6,4.91,29.46
743,29,3,6.23,18.69
743,55,8,1.47,11.76
743,77,9,6.06,54.54
744,30,4,7.8,31.2
744,10,6,8.4,50.4
744,30,5,7.8,39.0
745,24,2,1.53,3.06
746,13,8,6.76,54.08
746,68,10,5.09,50.9
746,53,10,6.81,68.1
746,41,8,1.6,12.8
747,53,7,6.81,47.67
747,10,4,8.4,33.6
747,25,2,3.72,7.44
747,93,1,1.72,1.72
747,95,10,3.08,30.8
748,53,5,6.81,34.05
748,96,1,9.46,9.46
748,6,5,8.52,42.6
748,14,10,1.37,13.7
749,57,5,1.23,6.15
749,44,2,1.68,3.36
749,94,10,6.83,68.3
750,66,6,7.25,43.5
750,31,10,9.22,92.2
750,67,3,7.36,22.08
750,89,3,4.17,12.51
750,79,8,3.14,25.12
751,2,3,8.67,26.01
751,41,3,1.6,4.8
751,28,6,8.36,50.16
751,90,2,6.31,12.62
751,43,3,4.52,13.56
752,44,6,1.68,10.08
752,76,5,8.17,40.85
752,9,9,1.67,15.03
753,75,7,2.87,20.09
753,94,2,6.83,13.66
754,5,7,9.87,69.09
754,19,4,1.16,4.64
754,94,7,6.83,47.81
755,89,9,4.17,37.53
756,53,8,6.81,54.48
756,98,4,8.8,35.2
756,72,4,2.44,9.76
756,51,6,6.84,41.04
756,35,8,8.96,71.68
757,1,1,9.92,9.92
757,40,10,1.19,11.9
757,39,3,8.59,25.77
757,100,4,2.07,8.28
757,36,7,3.5,24.5
758,30,8,7.8,62.4
758,79,9,3.14,28.26
759,10,10,8.4,84.0
759,45,2,1.49,2.98
759,66,5,7.25,36.25
759,93,4,1.72,6.88
760,42,2,5.43,10.86
761,91,2,8.57,17.14
761,84,3,2.53,7.59
761,78,2,8.1,16.2
762,49,5,8.89,44.45
763,45,9,1.49,13.41
763,94,7,6.83,47.81
763,19,1,1.16,1.16
763,19,5,1.16,5.8
764,19,1,1.16,1.16
764,52,9,5.12,46.08
764,98,5,8.8,44.0
764,60,6,5.93,35.58
765,29,8,6.23,49.84
765,7,8,8.65,69.2
766,86,6,9.44,56.64
766,72,9,2.44,21.96
767,19,8,1.16,9.28
767,31,7,9.22,64.54
768,91,2,8.57,17.14
768,90,9,6.31,56.79
769,1,5,9.92,49.6
769,36,10,3.5,35.0
769,97,7,3.51,24.57
769,7,10,8.65,86.5
769,93,7,1.72,12.04
770,50,2,5.44,10.88
770,65,7,2.43,17.01
771,11,10,4.77,47.7
771,79,5,3.14,15.7
771,48,6,6.02,36.12
772,49,9,8.89,80.01
772,79,6,3.14,18.84
773,78,5,8.1,40.5
774,48,5,6.02,30.1
774,24,6,1.53,9.18
774,83,2,5.66,11.32
774,100,9,2.07,18.63
775,46,3,4.25,12.75
775,67,7,7.36,51.52
775,27,1,7.32,7.32
776,35,6,8.96,53.76
776,87,5,4.63,23.15
776,71,8,8.13,65.04
776,8,2,3.95,7.9
776,79,7,3.14,21.98
777,33,10,9.12,91.2
777,97,5,3.51,17.55
777,90,1,6.31,6.31
777,51,6,6.84,41.04
777,12,6,8.5,51.0
778,68,4,5.09,20.36
778,16,10,2.15,21.5
778,98,9,8.8,79.2
779,60,3,5.93,17.79
779,39,2,8.59,17.18
780,83,6,5.66,33.96
780,16,9,2.15,19.35
780,65,3,2.43,7.29
780,20,5,4.6,23.0
780,82,1,5.56,5.56
781,87,9,4.63,41.67
781,29,10,6.23,62.3
781,89,5,4.17,20.85
782,59,7,8.94,62.58
782,66,10,7.25,72.5
782,31,1,9.22,9.22
782,25,2,3.72,7.44
783,21,2,1.48,2.96
783,28,2,8.36,16.72
784,67,4,7.36,29.44
784,48,6,6.02,36.12
784,53,3,6.81,20.43
784,36,10,3.5,35.0
785,29,8,6.23,49.84
785,37,2,3.89,7.78
785,16,2,2.15,4.3
786,60,10,5.93,59.3
787,90,7,6.31,44.17
787,22,10,7.25,72.5
787,43,4,4.52,18.08
787,90,9,6.31,56.79
788,55,7,1.47,10.29
788,37,4,3.89,15.56
788,69,4,6.84,27.36
788,72,7,2.44,17.08
788,39,1,8.59,8.59
789,26,1,9.3,9.3
789,36,1,3.5,3.5
789,45,5,1.49,7.45
789,70,3,3.96,11.88
789,21,10,1.48,14.8
790,91,1,8.57,8.57
790,35,6,8.96,53.76
790,4,4,8.44,33.76
791,95,5,3.08,15.4
791,38,10,1.16,11.6
792,68,9,5.09,45.81
792,25,3,3.72,11.16
792,3,4,4.91,19.64
792,64,5,5.24,26.2
793,9,10,1.67,16.7
793,46,7,4.25,29.75
794,50,10,5.44,54.4
794,66,2,7.25,14.5
794,26,4,9.3,37.2
794,95,10,3.08,30.8
794,16,3,2.15,6.45
795,31,3,9.22,27.66
795,28,9,8.36,75.24
795,43,3,4.52,13.56
795,42,6,5.43,32.58
796,94,4,6.83,27.32
796,27,5,7.32,36.6
797,41,1,1.6,1.6
798,35,1,8.96,8.96
799,4,1,8.44,8.44
799,8,8,3.95,31.6
799,12,4,8.5,34.0
799,22,9,7.25,65.25
800,85,3,6.16,18.48
800,18,3,3.17,9.51
800,96,4,9.46,37.84
800,30,1,7.8,7.8
800,74,7,2.37,16.59
801,51,9,6.84,61.56
801,49,1,8.89,8.89
801,55,9,1.47,13.23
801,38,8,1.16,9.28
802,62,7,6.7,46.9
802,34,6,10.0,60.0
802,34,1,10.0,10.0
802,28,4,8.36,33.44
803,32,3,1.15,3.45
803,65,10,2.43,24.3
803,81,1,2.83,2.83
803,38,5,1.16,5.8
803,64,6,5.24,31.44
804,41,5,1.6,8.0
804,3,1,4.91,4.91
804,90,5,6.31,31.55
804,16,8,2.15,17.2
804,81,6,2.83,16.98
805,65,5,2.43,12.15
805,87,4,4.63,18.52
805,38,5,1.16,5.8
806,61,7,3.39,23.73
806,55,4,1.47,5.88
807,6,8,8.52,68.16
807,34,3,10.0,30.0
807,19,7,1.16,8.12
807,53,4,6.81,27.24
808,84,7,2.53,17.71
808,78,8,8.1,64.8
808,66,1,7.25,7.25
809,74,9,2.37,21.33
809,31,2,9.22,18.44
809,85,4,6.16,24.64
809,73,7,6.05,42.35
810,93,10,1.72,17.2
811,70,4,3.96,15.84
811,98,3,8.8,26.4
811,69,2,6.84,13.68
812,98,4,8.8,35.2
813,47,1,9.63,9.63
813,84,4,2.53,10.12
813,5,4,9.87,39.48
813,40,5,1.19,5.95
813,40,10,1.19,11.9
814,70,8,3.96,31.68
814,47,8,9.63,77.04
815,1,5,9.92,49.6
815,54,5,9.62,48.1
815,70,1,3.96,3.96
816,29,8,6.23,49.84
816,28,6,8.36,50.16
816,37,8,3.89,31.12
816,59,5,8.94,44.7
816,15,9,6.03,54.27
817,75,6,2.87,17.22
817,90,9,6.31,56.79
817,40,7,1.19,8.33
818,66,8,7.25,58.0
818,64,10,5.24,52.4
818,54,10,9.62,96.2
818,30,6,7.8,46.8
818,22,3,7.25,21.75
819,71,10,8.13,81.3
819,26,10,9.3,93.0
819,34,5,10.0,50.0
819,23,4,1.89,7.56
819,26,2,9.3,18.6
820,42,6,5.43,32.58
820,86,1,9.44,9.44
820,60,3,5.93,17.79
821,78,3,8.1,24.3
821,64,4,5.24,20.96
821,77,4,6.06,24.24
822,83,5,5.66,28.3
822,16,8,2.15,17.2
822,52,1,5.12,5.12
822,10,9,8.4,75.6
823,55,7,1.47,10.29
823,88,7,6.41,44.87
824,61,2,3.39,6.78
824,87,5,4.63,23.15
825,33,4,9.12,36.48
826,80,4,3.0,12.0
826,29,10,6.23,62.3
826,64,10,5.24,52.4
826,31,6,9.22,55.32
827,75,2,2.87,5.74
828,99,8,7.22,57.76
828,2,5,8.67,43.35
828,25,9,3.72,33.48
828,27,3,7.32,21.96
828,57,4,1.23,4.92
829,2,10,8.67,86.7
829,39,2,8.59,17.18
829,56,4,5.39,21.56
829,91,2,8.57,17.14
830,74,5,2.37,11.85
831,39,7,8.59,60.13
832,35,4,8.96,35.84
832,58,4,9.47,37.88
833,27,9,7.32,65.88
833,27,6,7.32,43.92
833,49,2,8.89,17.78
833,76,3,8.17,24.51
833,39,6,8.59,51.54
834,25,1,3.72,3.72
834,26,8,9.3,74.4
835,28,5,8.36,41.8
835,21,7,1.48,10.36
835,1,4,9.92,39.68
835,55,4,1.47,5.88
835,10,5,8.4,42.0
836,64,8,5.24,41.92
837,20,6,4.6,27.6
837,65,6,2.43,14.58
837,75,1,2.87,2.87
837,53,5,6.81,34.05
837,96,1,9.46,9.46
838,64,4,5.24,20.96
838,59,4,8.94,35.76
838,17,5,7.52,37.6
838,94,7,6.83,47.81
839,2,7,8.67,60.69
839,56,3,5.39,16.17
840,35,1,8.96,8.96
841,94,2,6.83,13.66
841,72,9,2.44,21.96
842,71,1,8.13,8.13
842,58,2,9.47,18.94
842,4,1,8.44,8.44
842,13,7,6.76,47.32
843,45,7,1.49,10.43
843,35,3,8.96,26.88
843,79,8,3.14,25.12
843,73,7,6.05,42.35
843,47,2,9.63,19.26
844,57,4,1.23,4.92
844,54,4,9.62,38.48
844,36,9,3.5,31.5
845,99,4,7.22,28.88
846,7,7,8.65,60.55
846,43,1,4.52,4.52
846,54,3,9.62,28.86
846,74,2,2.37,4.74
846,28,6,8.36,50.16
847,82,10,5.56,55.6
847,48,5,6.02,30.1
847,25,10,3.72,37.2
848,21,7,1.48,10.36
848,91,10,8.57,85.7
849,80,2,3.0,6.0
849,99,4,7.22,28.88
850,54,3,9.62,28.86
850,51,2,6.84,13.68
850,66,7,7.25,50.75
851,1,8,9.92,79.36
851,84,2,2.53,5.06
851,85,5,6.16,30.8
851,85,8,6.16,49.28
851,88,5,6.41,32.05
852,13,1,6.76,6.76
852,87,8,4.63,37.04
852,57,9,1.23,11.07
853,23,8,1.89,15.12
853,3,6,4.91,29.46
853,49,10,8.89,88.9
853,59,9,8.94,80.46
853,30,5,7.8,39.0
854,95,3,3.08,9.24
855,79,5,3.14,15.7
856,22,6,7.25,43.5
856,94,6,6.83,40.98
857,100,3,2.07,6.21
858,83,3,5.66,16.98
858,23,2,1.89,3.78
858,63,1,3.75,3.75
858,47,6,9.63,57.78
858,1,10,9.92,99.2
859,32,3,1.15,3.45
859,75,2,2.87,5.74
860,64,6,5.24,31.44
860,9,6,1.67,10.02
860,24,5,1.53,7.65
860,91,7,8.57,59.99
860,46,6,4.25,25.5
861,62,8,6.7,53.6
862,43,1,4.52,4.52
863,13,10,6.76,67.6
863,91,1,8.57,8.57
863,82,8,5.56,44.48
863,79,4,3.14,12.56
864,14,6,1.37,8.22
864,23,1,1.89,1.89
864,21,10,1.48,14.8
864,76,5,8.17,40.85
864,26,2,9.3,18.6
865,41,5,1.6,8.0
865,46,8,4.25,34.0
866,14,1,1.37,1.37
866,16,3,2.15,6.45
866,84,10,2.53,25.3
867,17,3,7.52,22.56
867,2,4,8.67,34.68
867,81,4,2.83,11.32
867,11,7,4.77,33.39
868,28,2,8.36,16.72
868,23,1,1.89,1.89
868,52,6,5.12,30.72
869,8,4,3.95,15.8
869,53,2,6.81,13.62
870,25,8,3.72,29.76
870,66,4,7.25,29.0
870,57,7,1.23,8.61
870,71,6,8.13,48.78
870,81,5,2.83,14.15
871,96,10,9.46,94.6
872,98,4,8.8,35.2
872,11,5,4.77,23.85
872,32,5,1.15,5.75
872,5,3,9.87,29.61
872,50,1,5.44,5.44
873,40,6,1.19,7.14
873,30,9,7.8,70.2
873,65,2,2.43,4.86
874,28,8,8.36,66.88
874,19,6,1.16,6.96
874,22,2,7.25,14.5
874,81,1,2.83,2.83
874,66,5,7.25,36.25
875,89,5,4.17,20.85
875,54,7,9.62,67.34
875,4,9,8.44,75.96
875,59,9,8.94,80.46
876,39,5,8.59,42.95
876,75,3,2.87,8.61
876,32,10,1.15,11.5
877,90,4,6.31,25.24
877,73,6,6.05,36.3
877,21,8,1.48,11.84
877,87,6,4.63,27.78
877,57,6,1.23,7.38
878,8,9,3.95,35.55
879,55,6,1.47,8.82
879,16,9,2.15,19.35
879,90,9,6.31,56.79
879,63,8,3.75,30.0
880,54,5,9.62,48.1
880,49,10,8.89,88.9
881,98,5,8.8,44.0
882,54,3,9.62,28.86
883,77,3,6.06,18.18
883,76,6,8.17,49.02
883,14,5,1.37,6.85
883,65,10,2.43,24.3
883,43,5,4.52,22.6
884,20,7,4.6,32.2
885,35,1,8.96,8.96
885,72,1,2.44,2.44
885,65,2,2.43,4.86
885,17,5,7.52,37.6
886,81,1,2.83,2.83
886,18,3,3.17,9.51
886,76,7,8.17,57.19
886,41,3,1.6,4.8
887,40,2,1.19,2.38
887,67,2,7.36,14.72
887,29,1,6.23,6.23
888,20,1,4.6,4.6
888,84,5,2.53,12.65
889,91,9,8.57,77.13
890,29,10,6.23,62.3
890,37,2,3.89,7.78
890,43,10,4.52,45.2
890,27,8,7.32,58.56
891,57,3,1.23,3.69
891,91,10,8.57,85.7
892,51,4,6.84,27.36
892,9,9,1.67,15.03
892,69,10,6.84,68.4
892,21,6,1.48,8.88
892,92,4,2.08,8.32
893,10,10,8.4,84.0
893,60,8,5.93,47.44
894,51,1,6.84,6.84
894,90,7,6.31,44.17
894,97,9,3.51,31.59
895,82,4,5.56,22.24
896,85,8,6.16,49.28
897,60,5,5.93,29.65
897,77,4,6.06,24.24
897,37,6,3.89,23.34
897,70,4,3.96,15.84
898,12,9,8.5,76.5
898,91,9,8.57,77.13
899,41,6,1.6,9.6
899,23,8,1.89,15.12
900,77,2,6.06,12.12
900,45,8,1.49,11.92
900,97,9,3.51,31.59
901,42,1,5.43,5.43
901,89,2,4.17,8.34
902,40,6,1.19,7.14
902,32,7,1.15,8.05
902,33,6,9.12,54.72
902,70,6,3.96,23.76
902,90,5,6.31,31.55
903,3,5,4.91,24.55
903,20,5,4.6,23.0
903,59,9,8.94,80.46
904,38,7,1.16,8.12
904,81,2,2.83,5.66
904,47,1,9.63,9.63
904,73,5,6.05,30.25
904,61,6,3.39,20.34
905,43,2,4.52,9.04
905,1,1,9.92,9.92
905,27,4,7.32,29.28
905,73,1,6.05,6.05
905,96,3,9.46,28.38
906,63,4,3.75,15.0
906,35,10,8.96,89.6
906,89,5,4.17,20.85
907,65,2,2.43,4.86
907,92,1,2.08,2.08
907,100,7,2.07,14.49
907,69,10,6.84,68.4
908,45,5,1.49,7.45
908,26,9,9.3,83.7
908,42,6,5.43,32.58
908,67,5,7.36,36.8
908,68,5,5.09,25.45
909,54,8,9.62,76.96
909,20,1,4.6,4.6
909,34,8,10.0,80.0
909,57,2,1.23,2.46
909,74,2,2.37,4.74
910,35,7,8.96,62.72
910,3,6,4.91,29.46
911,70,10,3.96,39.6
911,15,2,6.03,12.06
911,18,7,3.17,22.19
911,15,9,6.03,54.27
911,90,10,6.31,63.1
912,56,8,5.39,43.12
912,19,1,1.16,1.16
912,31,7,9.22,64.54
913,52,2,5.12,10.24
913,60,8,5.93,47.44
913,54,4,9.62,38.48
913,19,8,1.16,9.28
913,89,6,4.17,25.02
914,87,8,4.63,37.04
914,22,5,7.25,36.25
915,56,6,5.39,32.34
915,19,1,1.16,1.16
915,59,6,8.94,53.64
915,54,5,9.62,48.1
915,56,4,5.39,21.56
916,7,9,8.65,77.85
917,77,6,6.06,36.36
917,70,10,3.96,39.6
917,28,9,8.36,75.24
917,23,2,1.89,3.78
918,34,10,10.0,100.0
918,79,1,3.14,3.14
919,79,10,3.14,31.4
919,16,5,2.15,10.75
919,86,7,9.44,66.08
919,87,4,4.63,18.52
920,54,2,9.62,19.24
920,36,8,3.5,28.0
920,1,2,9.92,19.84
920,99,2,7.22,14.44
921,21,9,1.48,13.32
921,78,9,8.1,72.9
921,70,6,3.96,23.76
922,38,6,1.16,6.96
922,83,2,5.66,11.32
922,29,3,6.23,18.69
922,23,4,1.89,7.56
923,31,7,9.22,64.54
923,86,10,9.44,94.4
923,66,8,7.25,58.0
923,99,9,7.22,64.98
924,5,8,9.87,78.96
925,63,3,3.75,11.25
925,28,1,8.36,8.36
925,30,5,7.8,39.0
925,12,8,8.5,68.0
925,95,1,3.08,3.08
926,59,9,8.94,80.46
927,42,7,5.43,38.01
927,43,4,4.52,18.08
928,41,3,1.6,4.8
928,74,8,2.37,18.96
928,8,3,3.95,11.85
928,18,1,3.17,3.17
929,35,5,8.96,44.8
929,11,7,4.77,33.39
930,86,1,9.44,9.44
930,88,1,6.41,6.41
930,45,10,1.49,14.9
930,6,3,8.52,25.56
931,40,10,1.19,11.9
932,48,5,6.02,30.1
932,19,10,1.16,11.6
932,95,6,3.08,18.48
932,45,5,1.49,7.45
932,15,3,6.03,18.09
933,99,5,7.22,36.1
933,99,10,7.22,72.2
933,2,6,8.67,52.02
933,13,6,6.76,40.56
933,29,7,6.23,43.61
934,61,6,3.39,20.34
934,71,4,8.13,32.52
934,88,1,6.41,6.41
935,19,2,1.16,2.32
936,36,10,3.5,35.0
936,16,1,2.15,2.15
936,64,6,5.24,31.44
936,15,9,6.03,54.27
936,47,1,9.63,9.63
937,70,8,3.96,31.68
938,58,6,9.47,56.82
938,30,1,7.8,7.8
938,22,1,7.25,7.25
938,20,2,4.6,9.2
938,6,8,8.52,68.16
939,64,4,5.24,20.96
940,49,3,8.89,26.67
940,10,5,8.4,42.0
940,51,2,6.84,13.68
941,24,2,1.53,3.06
941,81,1,2.83,2.83
941,62,10,6.7,67.0
942,50,1,5.44,5.44
942,84,4,2.53,10.12
942,90,1,6.31,6.31
943,64,6,5.24,31.44
943,13,1,6.76,6.76
943,39,10,8.59,85.9
944,57,5,1.23,6.15
944,52,1,5.12,5.12
945,62,8,6.7,53.6
945,62,8,6.7,53.6
946,53,7,6.81,47.67
946,61,6,3.39,20.34
946,69,8,6.84,54.72
947,24,4,1.53,6.12
947,80,3,3.0,9.0
947,92,9,2.08,18.72
948,89,8,4.17,33.36
948,87,7,4.63,32.41
948,90,3,6.31,18.93
948,43,6,4.52,27.12
949,61,8,3.39,27.12
949,40,9,1.19,10.71
949,52,5,5.12,25.6
949,31,3,9.22,27.66
949,62,9,6.7,60.3
950,7,5,8.65,43.25
951,39,2,8.59,17.18
952,41,1,1.6,1.6
953,68,6,5.09,30.54
953,72,2,2.44,4.88
953,88,7,6.41,44.87
954,67,2,7.36,14.72
954,50,4,5.44,21.76
954,73,4,6.05,24.2
954,77,1,6.06,6.06
954,32,5,1.15,5.75
955,54,8,9.62,76.96
955,89,9,4.17,37.53
955,11,7,4.77,33.39
956,5,4,9.87,39.48
956,76,3,8.17,24.51
956,83,3,5.66,16.98
957,34,8,10.0,80.0
957,17,8,7.52,60.16
957,62,3,6.7,20.1
958,50,9,5.44,48.96
958,99,7,7.22,50.54
958,54,7,9.62,67.34
958,54,7,9.62,67.34
959,38,4,1.16,4.64
960,90,5,6.31,31.55
960,82,8,5.56,44.48
960,36,7,3.5,24.5
960,91,3,8.57,25.71
961,24,6,1.53,9.18
961,81,4,2.83,11.32
961,19,4,1.16,4.64
961,43,6,4.52,27.12
962,56,9,5.39,48.51
963,6,10,8.52,85.2
963,80,8,3.0,24.0
963,97,7,3.51,24.57
964,37,6,3.89,23.34
964,16,4,2.15,8.6
965,98,9,8.8,79.2
965,90,3,6.31,18.93
965,54,4,9.62,38.48
965,66,8,7.25,58.0
966,77,9,6.06,54.54
966,35,7,8.96,62.72
966,4,6,8.44,50.64
966,7,7,8.65,60.55
966,92,10,2.08,20.8
967,40,8,1.19,9.52
968,71,3,8.13,24.39
968,19,6,1.16,6.96
969,94,10,6.83,68.3
969,93,5,1.72,8.6
969,23,3,1.89,5.67
969,24,7,1.53,10.71
970,41,2,1.6,3.2
970,31,4,9.22,36.88
971,30,2,7.8,15.6
971,83,8,5.66,45.28
971,64,5,5.24,26.2
971,35,8,8.96,71.68
971,58,3,9.47,28.41
972,97,5,3.51,17.55
972,100,2,2.07,4.14
972,46,10,4.25,42.5
972,53,7,6.81,47.67
973,22,10,7.25,72.5
973,79,3,3.14,9.42
974,73,1,6.05,6.05
974,27,1,7.32,7.32
975,69,3,6.84,20.52
975,10,8,8.4,67.2
975,4,1,8.44,8.44
976,40,6,1.19,7.14
976,25,1,3.72,3.72
976,71,7,8.13,56.91
976,14,10,1.37,13.7
977,51,10,6.84,68.4
977,51,5,6.84,34.2
978,32,2,1.15,2.3
978,90,2,6.31,12.62
979,11,2,4.77,9.54
979,67,1,7.36,7.36
979,57,5,1.23,6.15
979,66,4,7.25,29.0
980,87,3,4.63,13.89
980,60,4,5.93,23.72
980,93,2,1.72,3.44
980,98,10,8.8,88.0
980,20,8,4.6,36.8
981,28,2,8.36,16.72
981,13,7,6.76,47.32
981,81,9,2.83,25.47
982,17,2,7.52,15.04
983,48,6,6.02,36.12
983,83,9,5.66,50.94
983,74,7,2.37,16.59
984,80,5,3.0,15.0
984,29,7,6.23,43.61
984,65,5,2.43,12.15
985,36,3,3.5,10.5
986,8,8,3.95,31.6
986,99,3,7.22,21.66
986,44,6,1.68,10.08
987,48,2,6.02,12.04
987,82,5,5.56,27.8
987,95,2,3.08,6.16
987,3,2,4.91,9.82
988,59,9,8.94,80.46
988,28,7,8.36,58.52
989,42,10,5.43,54.3
989,36,5,3.5,17.5
989,47,7,9.63,67.41
989,39,4,8.59,34.36
989,98,4,8.8,35.2
990,40,3,1.19,3.57
990,64,3,5.24,15.72
990,7,7,8.65,60.55
990,61,7,3.39,23.73
991,11,10,4.77,47.7
992,41,10,1.6,16.0
992,13,10,6.76,67.6
993,27,7,7.32,51.24
993,95,4,3.08,12.32
993,99,2,7.22,14.44
993,19,6,1.16,6.96
994,18,5,3.17,15.85
995,27,9,7.32,65.88
996,59,4,8.94,35.76
996,25,9,3.72,33.48
997,65,1,2.43,2.43
997,35,3,8.96,26.88
997,13,6,6.76,40.56
998,10,1,8.4,8.4
998,34,4,10.0,40.0
998,9,1,1.67,1.67
998,52,4,5.12,20.48
999,79,7,3.14,21.98
999,76,8,8.17,65.36
1000,95,1,3.08,3.08
1000,94,1,6.83,6.83
1000,97,6,3.51,21.06
1000,87,10,4.63,46.3
1000,47,5,9.63,48.15
