ID_Pedido,ID_Cliente,Data_Pedido,Valor_Total,Status
1,367,2024-04-12,26.94,Concluído
2,92,2024-07-13,422.38,Cancelado
3,21,2024-01-21,145.78,Cancelado
4,318,2024-03-19,129.35,Cancelado
5,165,2024-04-22,134.37,Concluído
6,495,2024-05-17,67.27,Pendente
7,357,2024-02-02,105.48,Pendente
8,201,2024-07-11,436.43,Cancelado
9,478,2024-06-06,463.96,Cancelado
10,245,2024-11-03,354.64,Concluído
11,67,2024-09-18,498.46,Cancelado
12,264,2024-10-01,450.94,Pendente
13,322,2024-10-16,157.56,Pendente
14,71,2024-09-24,36.94,Pendente
15,1,2024-02-21,294.89,Cancelado
16,468,2024-07-19,292.13,Pendente
17,243,2024-11-01,289.6,Cancelado
18,29,2024-09-05,165.44,Cancelado
19,134,2024-05-13,101.15,Cancelado
20,173,2024-01-17,471.05,Cancelado
21,371,2024-10-18,222.63,Cancelado
22,67,2024-05-20,103.9,Concluído
23,180,2024-09-29,109.4,Concluído
24,58,2024-09-19,315.89,Pendente
25,377,2024-05-21,335.6,Cancelado
26,472,2024-06-07,423.6,Cancelado
27,158,2024-06-07,194.88,Cancelado
28,249,2024-06-29,24.11,Pendente
29,6,2024-08-18,243.78,Pendente
30,129,2023-12-01,139.88,Pendente
31,135,2024-04-18,299.13,Concluído
32,205,2024-02-23,262.23,Concluído
33,316,2024-06-01,114.21,Concluído
34,115,2024-02-20,310.93,Concluído
35,466,2024-04-19,467.22,Concluído
36,500,2024-02-28,352.8,Pendente
37,374,2024-06-18,80.29,Cancelado
38,142,2024-02-15,161.23,Concluído
39,228,2024-07-22,438.27,Cancelado
40,380,2024-03-26,284.86,Cancelado
41,209,2024-02-08,266.54,Pendente
42,153,2024-08-28,337.3,Cancelado
43,390,2024-11-13,398.23,Concluído
44,351,2024-05-04,145.16,Cancelado
45,93,2024-04-20,205.44,Pendente
46,156,2024-11-02,138.35,Pendente
47,401,2024-01-09,433.54,Pendente
48,257,2024-11-10,63.42,Cancelado
49,392,2024-06-22,278.3,Cancelado
50,123,2023-12-05,270.08,Concluído
51,36,2024-05-30,266.79,Cancelado
52,109,2024-07-11,211.08,Pendente
53,109,2024-05-19,319.1,Concluído
54,154,2024-11-09,58.51,Concluído
55,195,2024-09-30,387.27,Pendente
56,451,2024-11-25,352.04,Pendente
57,294,2024-03-07,217.5,Concluído
58,404,2024-02-10,190.07,Concluído
59,65,2024-10-01,399.19,Cancelado
60,62,2024-02-01,399.32,Concluído
61,308,2024-08-16,230.31,Pendente
62,429,2023-12-31,144.02,Pendente
63,424,2024-03-13,40.75,Pendente
64,267,2024-10-12,335.39,Cancelado
65,195,2024-08-22,410.96,Pendente
66,311,2023-12-17,275.37,Concluído
67,16,2024-05-09,337.27,Pendente
68,140,2024-09-30,465.95,Cancelado
69,299,2024-07-20,237.04,Cancelado
70,465,2024-10-23,252.05,Cancelado
71,393,2024-08-16,396.43,Concluído
72,114,2024-09-30,279.02,Cancelado
73,165,2024-01-03,324.87,Concluído
74,151,2024-03-15,54.02,Concluído
75,260,2024-03-14,330.18,Pendente
76,446,2024-05-24,51.0,Cancelado
77,195,2024-06-22,359.89,Cancelado
78,164,2024-05-19,92.74,Cancelado
79,299,2024-06-12,367.18,Cancelado
80,200,2024-07-23,73.68,Concluído
81,101,2024-01-02,276.64,Cancelado
82,55,2024-02-25,109.0,Pendente
83,362,2024-07-16,402.89,Pendente
84,399,2024-04-13,274.17,Pendente
85,9,2024-05-05,98.41,Cancelado
86,168,2024-01-29,125.04,Concluído
87,249,2023-12-02,68.5,Concluído
88,389,2024-11-11,488.96,Concluído
89,228,2024-01-17,441.98,Pendente
90,35,2024-03-30,384.01,Cancelado
91,132,2024-05-23,307.73,Concluído
92,81,2024-06-16,167.04,Concluído
93,449,2024-04-07,145.25,Pendente
94,366,2024-04-04,359.6,Concluído
95,428,2024-06-22,371.09,Cancelado
96,97,2024-04-26,415.06,Cancelado
97,269,2024-03-29,442.35,Cancelado
98,341,2024-10-31,270.42,Cancelado
99,102,2024-06-07,478.46,Pendente
100,227,2024-07-17,291.29,Cancelado
101,94,2023-12-18,328.34,Pendente
102,146,2024-11-19,130.76,Concluído
103,208,2024-07-16,455.93,Pendente
104,169,2023-12-15,374.18,Cancelado
105,170,2023-12-08,285.89,Pendente
106,449,2024-01-25,336.41,Pendente
107,222,2024-06-28,206.97,Concluído
108,421,2024-07-31,151.08,Pendente
109,3,2024-02-23,59.1,Pendente
110,343,2024-08-04,60.11,Cancelado
111,316,2024-03-15,492.09,Concluído
112,83,2024-09-20,128.24,Pendente
113,412,2024-05-15,437.46,Concluído
114,45,2024-08-03,49.95,Cancelado
115,183,2023-12-11,28.15,Concluído
116,135,2024-01-25,46.8,Cancelado
117,471,2024-06-01,261.93,Pendente
118,153,2023-12-25,247.83,Concluído
119,433,2023-12-10,39.58,Cancelado
120,191,2024-03-05,447.93,Pendente
121,198,2024-02-25,210.87,Cancelado
122,401,2024-02-11,64.53,Cancelado
123,402,2024-04-05,327.94,Concluído
124,158,2023-12-07,259.67,Pendente
125,2,2024-02-03,488.56,Cancelado
126,125,2024-04-06,217.52,Concluído
127,259,2024-05-21,423.45,Concluído
128,298,2024-03-02,321.91,Cancelado
129,134,2024-08-23,239.53,Cancelado
130,428,2024-10-07,321.61,Concluído
131,244,2024-05-18,186.83,Concluído
132,4,2024-07-02,300.45,Cancelado
133,59,2024-07-14,440.24,Concluído
134,114,2024-05-14,482.02,Concluído
135,486,2024-10-19,390.34,Cancelado
136,329,2024-03-03,47.7,Concluído
137,431,2024-02-04,376.74,Cancelado
138,138,2024-09-08,212.52,Pendente
139,383,2024-10-30,367.31,Pendente
140,63,2024-10-05,81.69,Cancelado
141,483,2024-02-14,458.53,Concluído
142,400,2024-05-23,329.02,Concluído
143,224,2024-04-27,235.18,Pendente
144,93,2024-02-27,75.44,Pendente
145,174,2023-12-24,372.71,Cancelado
146,213,2024-02-09,478.92,Pendente
147,422,2024-10-02,316.34,Cancelado
148,344,2024-11-25,478.45,Pendente
149,465,2024-10-04,192.75,Pendente
150,258,2024-10-22,66.94,Cancelado
151,210,2023-12-08,284.47,Pendente
152,303,2024-04-02,391.04,Cancelado
153,268,2024-11-02,452.89,Pendente
154,219,2024-02-14,71.84,Pendente
155,77,2024-11-20,310.08,Cancelado
156,376,2024-06-05,267.06,Cancelado
157,207,2024-06-28,288.44,Concluído
158,334,2023-12-06,223.7,Cancelado
159,200,2024-09-08,403.33,Concluído
160,434,2024-06-12,66.77,Pendente
161,115,2024-07-27,437.79,Cancelado
162,362,2023-12-14,449.46,Concluído
163,412,2024-04-06,69.0,Cancelado
164,348,2024-03-19,98.76,Pendente
165,237,2024-06-05,274.31,Concluído
166,368,2024-09-13,187.39,Cancelado
167,180,2023-12-01,276.71,Pendente
168,18,2023-12-12,374.36,Concluído
169,141,2023-12-04,71.78,Concluído
170,159,2024-06-01,178.39,Pendente
171,497,2024-02-05,434.42,Cancelado
172,120,2024-11-24,105.47,Pendente
173,124,2024-11-10,223.84,Pendente
174,306,2024-05-24,364.09,Pendente
175,455,2024-08-03,439.29,Pendente
176,398,2024-07-29,177.97,Pendente
177,462,2024-01-29,175.27,Pendente
178,455,2024-04-09,450.44,Pendente
179,418,2024-01-28,416.78,Concluído
180,357,2024-08-20,364.53,Concluído
181,92,2024-01-03,238.26,Cancelado
182,42,2023-11-28,394.77,Pendente
183,68,2024-03-12,478.54,Concluído
184,368,2024-09-28,299.05,Concluído
185,412,2024-07-13,333.96,Cancelado
186,220,2024-09-09,41.32,Cancelado
187,86,2024-03-21,261.2,Pendente
188,141,2024-10-27,182.84,Concluído
189,407,2024-10-16,77.85,Concluído
190,407,2024-02-02,239.48,Pendente
191,62,2024-10-20,267.48,Cancelado
192,407,2024-08-31,181.68,Pendente
193,197,2024-05-04,215.77,Concluído
194,101,2024-11-10,285.86,Pendente
195,198,2024-07-15,65.82,Cancelado
196,157,2024-07-16,382.27,Pendente
197,32,2024-03-10,115.63,Pendente
198,125,2024-07-18,225.59,Pendente
199,392,2024-03-02,92.01,Concluído
200,181,2024-06-14,477.15,Cancelado
201,456,2024-01-25,159.44,Concluído
202,122,2024-11-10,103.16,Cancelado
203,333,2024-10-31,266.36,Concluído
204,62,2024-11-13,419.84,Pendente
205,124,2024-10-28,203.68,Pendente
206,466,2024-04-29,494.68,Concluído
207,226,2024-05-23,142.4,Concluído
208,110,2024-11-21,171.64,Cancelado
209,435,2024-08-04,32.79,Pendente
210,491,2024-09-21,322.53,Cancelado
211,292,2024-01-01,282.56,Concluído
212,366,2024-04-20,191.52,Concluído
213,286,2024-02-15,255.63,Pendente
214,128,2023-12-30,479.92,Concluído
215,129,2024-03-26,273.48,Cancelado
216,260,2024-01-29,470.77,Cancelado
217,232,2024-11-22,431.6,Pendente
218,475,2024-11-08,348.73,Cancelado
219,435,2024-07-22,439.14,Concluído
220,42,2024-10-16,85.57,Cancelado
221,252,2024-08-29,64.06,Pendente
222,79,2024-06-13,77.3,Pendente
223,465,2024-08-26,145.28,Cancelado
224,372,2024-08-13,80.77,Pendente
225,499,2024-01-05,138.88,Cancelado
226,20,2024-10-03,59.72,Pendente
227,136,2024-05-21,185.08,Concluído
228,280,2024-05-03,30.32,Pendente
229,482,2024-05-09,314.62,Pendente
230,243,2024-03-04,359.54,Concluído
231,183,2023-12-16,310.2,Pendente
232,384,2024-04-23,175.3,Cancelado
233,261,2024-07-22,79.03,Pendente
234,185,2024-08-25,223.07,Cancelado
235,80,2024-11-06,107.49,Cancelado
236,99,2024-07-26,138.92,Cancelado
237,419,2024-01-12,307.82,Pendente
238,66,2024-04-07,292.57,Pendente
239,227,2024-07-06,267.03,Pendente
240,47,2024-06-21,464.31,Pendente
241,186,2024-01-10,437.69,Pendente
242,180,2024-03-01,170.67,Cancelado
243,175,2024-03-29,452.13,Cancelado
244,186,2024-10-18,342.74,Pendente
245,4,2024-05-22,66.61,Pendente
246,290,2024-04-18,400.79,Pendente
247,458,2024-07-17,424.95,Pendente
248,37,2024-05-20,321.82,Pendente
249,317,2024-08-28,424.56,Cancelado
250,1,2024-09-23,398.4,Pendente
251,324,2023-12-31,142.78,Pendente
252,2,2024-03-23,165.74,Concluído
253,101,2024-11-10,62.19,Pendente
254,92,2024-08-17,258.8,Cancelado
255,425,2024-09-16,436.13,Pendente
256,16,2024-05-13,414.51,Pendente
257,42,2024-04-24,353.11,Concluído
258,413,2024-07-13,293.94,Cancelado
259,127,2024-08-05,335.33,Concluído
260,325,2024-10-13,112.51,Concluído
261,241,2024-02-25,97.47,Cancelado
262,453,2024-01-06,337.85,Concluído
263,13,2023-11-28,351.48,Cancelado
264,357,2024-02-18,242.29,Cancelado
265,234,2024-09-30,105.58,Concluído
266,283,2024-09-02,416.05,Pendente
267,198,2024-07-17,26.92,Concluído
268,429,2024-09-03,61.0,Concluído
269,94,2024-09-15,224.67,Concluído
270,32,2024-06-06,361.13,Pendente
271,453,2024-05-19,367.09,Pendente
272,45,2024-01-24,337.42,Pendente
273,197,2024-07-23,277.41,Concluído
274,406,2024-02-06,432.25,Cancelado
275,347,2024-04-23,54.5,Concluído
276,492,2024-10-07,217.46,Cancelado
277,457,2024-01-30,421.06,Concluído
278,358,2024-01-19,253.86,Pendente
279,354,2024-04-12,40.48,Pendente
280,355,2024-08-14,239.37,Cancelado
281,24,2024-06-17,240.04,Pendente
282,3,2024-02-01,65.21,Cancelado
283,283,2024-08-23,364.62,Pendente
284,434,2024-01-27,236.31,Cancelado
285,167,2024-02-09,137.9,Cancelado
286,298,2024-08-26,141.18,Cancelado
287,463,2024-09-20,398.45,Cancelado
288,298,2023-12-09,400.19,Cancelado
289,458,2024-06-09,347.58,Concluído
290,483,2024-07-21,442.89,Concluído
291,109,2024-09-25,143.04,Pendente
292,293,2024-08-16,381.48,Pendente
293,419,2024-02-01,148.99,Cancelado
294,360,2024-10-25,318.74,Concluído
295,212,2024-11-03,214.48,Cancelado
296,439,2024-01-08,220.42,Concluído
297,208,2024-02-23,313.15,Pendente
298,367,2024-03-25,221.31,Concluído
299,140,2024-01-25,161.51,Concluído
300,219,2023-11-26,207.22,Concluído
301,265,2024-06-22,229.14,Cancelado
302,164,2024-01-27,77.76,Cancelado
303,124,2023-12-21,455.22,Cancelado
304,5,2024-01-22,312.0,Pendente
305,320,2024-05-21,105.09,Cancelado
306,253,2024-08-08,147.39,Pendente
307,133,2024-08-15,209.87,Cancelado
308,277,2024-07-18,447.34,Cancelado
309,189,2024-10-15,445.36,Cancelado
310,34,2024-01-05,124.24,Pendente
311,455,2024-11-19,321.77,Pendente
312,487,2024-11-09,487.1,Cancelado
313,181,2024-09-03,361.99,Cancelado
314,193,2024-11-09,135.2,Cancelado
315,332,2024-03-14,362.17,Concluído
316,350,2024-04-24,469.88,Pendente
317,422,2024-02-25,207.08,Pendente
318,316,2024-07-24,51.61,Cancelado
319,439,2024-08-10,252.51,Cancelado
320,220,2024-05-06,286.77,Pendente
321,261,2024-11-08,303.88,Cancelado
322,293,2023-12-20,238.56,Pendente
323,109,2024-08-19,257.68,Concluído
324,356,2024-03-28,254.17,Concluído
325,266,2024-06-07,464.01,Concluído
326,379,2024-06-15,180.91,Pendente
327,338,2024-05-02,313.47,Concluído
328,404,2024-04-02,220.01,Concluído
329,29,2024-09-27,121.1,Cancelado
330,456,2024-09-20,95.16,Cancelado
331,270,2024-07-11,123.8,Cancelado
332,428,2024-11-11,70.59,Cancelado
333,116,2024-06-10,34.11,Pendente
334,190,2024-02-28,278.07,Pendente
335,466,2024-10-09,414.87,Pendente
336,376,2024-08-11,31.06,Pendente
337,219,2024-10-11,21.17,Cancelado
338,126,2024-01-12,311.9,Cancelado
339,157,2024-02-18,57.18,Pendente
340,282,2024-08-16,380.62,Pendente
341,228,2024-10-16,350.06,Cancelado
342,88,2024-11-15,43.85,Concluído
343,360,2024-05-18,343.76,Pendente
344,269,2023-12-19,151.22,Cancelado
345,165,2024-10-02,194.55,Cancelado
346,137,2024-05-21,150.67,Cancelado
347,4,2024-11-15,277.28,Concluído
348,35,2024-04-21,123.61,Cancelado
349,340,2024-04-08,145.09,Pendente
350,150,2024-10-14,227.93,Concluído
351,258,2024-09-13,305.67,Concluído
352,489,2024-04-14,403.7,Pendente
353,406,2023-12-26,270.07,Cancelado
354,58,2024-08-31,499.44,Pendente
355,152,2024-07-08,293.56,Pendente
356,139,2024-10-22,477.72,Concluído
357,456,2024-02-13,331.21,Cancelado
358,462,2024-01-14,268.08,Concluído
359,115,2024-02-13,172.66,Pendente
360,46,2024-01-14,320.88,Pendente
361,224,2024-04-03,68.94,Concluído
362,352,2023-12-27,66.58,Cancelado
363,115,2024-05-12,114.78,Cancelado
364,43,2024-08-01,453.26,Concluído
365,193,2024-09-29,227.47,Cancelado
366,271,2024-04-25,141.03,Cancelado
367,419,2024-01-09,259.57,Pendente
368,353,2023-12-06,492.6,Pendente
369,207,2024-08-25,422.92,Concluído
370,446,2024-01-10,202.63,Pendente
371,464,2024-04-29,98.29,Concluído
372,175,2024-01-06,89.07,Cancelado
373,281,2024-03-23,290.01,Pendente
374,62,2024-10-28,30.06,Concluído
375,426,2024-07-07,367.01,Concluído
376,166,2024-06-10,198.93,Concluído
377,331,2024-03-02,185.85,Concluído
378,237,2024-08-11,157.48,Pendente
379,294,2024-02-29,225.32,Cancelado
380,350,2024-10-06,145.55,Cancelado
381,474,2024-04-13,22.01,Cancelado
382,471,2024-05-06,355.0,Pendente
383,207,2024-09-06,143.55,Concluído
384,307,2024-08-09,117.45,Pendente
385,472,2024-11-17,228.63,Pendente
386,256,2024-07-24,434.2,Pendente
387,208,2024-10-05,481.72,Pendente
388,321,2024-09-22,121.11,Concluído
389,270,2024-01-18,101.46,Concluído
390,138,2024-10-12,293.79,Concluído
391,459,2024-05-11,83.78,Concluído
392,478,2024-08-18,369.22,Concluído
393,186,2024-03-12,418.57,Pendente
394,4,2023-12-08,454.1,Pendente
395,318,2024-03-08,130.25,Concluído
396,329,2024-02-24,214.62,Pendente
397,52,2024-03-19,438.1,Pendente
398,128,2024-06-23,362.36,Cancelado
399,464,2024-02-13,64.55,Concluído
400,413,2023-12-27,265.48,Cancelado
401,124,2024-10-19,394.48,Concluído
402,484,2024-03-12,138.05,Cancelado
403,97,2024-07-27,118.91,Pendente
404,281,2024-03-24,301.28,Pendente
405,220,2024-01-13,404.63,Cancelado
406,124,2024-08-26,393.52,Cancelado
407,380,2023-12-15,120.41,Pendente
408,425,2024-06-30,120.58,Pendente
409,223,2024-01-23,327.52,Concluído
410,482,2024-07-17,419.28,Concluído
411,187,2024-06-12,62.01,Cancelado
412,245,2024-05-31,490.5,Cancelado
413,488,2024-08-11,89.18,Pendente
414,128,2024-06-14,187.5,Cancelado
415,495,2024-11-10,139.24,Cancelado
416,269,2024-01-05,409.38,Pendente
417,124,2024-05-14,428.64,Pendente
418,120,2024-10-09,479.46,Cancelado
419,301,2024-11-11,232.95,Cancelado
420,234,2024-07-01,307.49,Concluído
421,438,2024-06-29,254.68,Concluído
422,233,2024-10-10,356.87,Cancelado
423,191,2024-01-27,287.99,Cancelado
424,287,2024-03-07,312.44,Cancelado
425,286,2024-05-04,325.93,Concluído
426,369,2024-09-13,133.48,Cancelado
427,8,2024-10-17,291.26,Pendente
428,161,2024-02-09,127.37,Pendente
429,461,2024-06-01,90.58,Cancelado
430,481,2024-02-14,247.95,Concluído
431,334,2024-10-31,77.36,Pendente
432,108,2024-07-04,366.44,Concluído
433,312,2024-05-28,288.28,Pendente
434,282,2024-11-16,192.75,Pendente
435,378,2024-08-04,63.14,Pendente
436,57,2024-09-09,320.88,Concluído
437,500,2024-05-26,115.82,Cancelado
438,394,2024-10-11,220.77,Cancelado
439,120,2023-11-30,160.41,Pendente
440,367,2024-10-19,113.79,Cancelado
441,446,2024-01-31,411.82,Pendente
442,460,2024-06-15,478.18,Pendente
443,370,2024-10-03,459.07,Pendente
444,347,2024-08-21,35.92,Cancelado
445,190,2024-06-06,345.7,Pendente
446,278,2024-07-20,335.39,Pendente
447,53,2024-05-01,308.79,Pendente
448,144,2024-07-22,103.66,Cancelado
449,82,2024-08-09,89.5,Concluído
450,8,2024-03-05,37.9,Concluído
451,158,2024-05-09,295.08,Concluído
452,182,2024-08-21,295.54,Pendente
453,489,2024-02-13,280.38,Pendente
454,350,2024-08-26,310.35,Cancelado
455,455,2024-05-30,206.26,Cancelado
456,416,2024-08-08,411.46,Cancelado
457,383,2024-09-02,190.4,Concluído
458,93,2024-04-28,20.42,Pendente
459,167,2024-08-19,93.82,Concluído
460,440,2024-11-17,308.77,Pendente
461,60,2024-09-21,103.64,Pendente
462,482,2024-06-14,496.71,Pendente
463,10,2024-07-01,275.07,Concluído
464,9,2024-07-09,381.32,Cancelado
465,157,2024-05-28,484.66,Pendente
466,302,2024-10-12,236.94,Pendente
467,149,2024-11-24,419.26,Cancelado
468,254,2023-12-24,193.19,Cancelado
469,123,2024-09-09,48.21,Concluído
470,193,2024-07-24,335.65,Pendente
471,408,2024-10-19,309.78,Concluído
472,297,2024-02-11,79.42,Concluído
473,422,2024-09-12,202.3,Concluído
474,177,2024-04-21,250.53,Concluído
475,41,2024-04-28,408.1,Concluído
476,493,2024-10-02,166.58,Cancelado
477,434,2024-10-27,163.5,Concluído
478,46,2024-09-13,470.07,Concluído
479,212,2024-04-01,51.08,Cancelado
480,244,2024-04-13,86.28,Pendente
481,400,2024-08-28,84.35,Cancelado
482,449,2024-08-13,198.35,Pendente
483,438,2024-01-26,252.14,Concluído
484,441,2024-02-09,327.38,Pendente
485,198,2024-01-12,265.29,Pendente
486,179,2024-08-27,428.68,Pendente
487,95,2024-03-09,292.03,Cancelado
488,329,2024-02-11,104.81,Pendente
489,221,2024-02-04,248.51,Cancelado
490,258,2024-08-23,66.66,Concluído
491,101,2024-08-29,59.54,Cancelado
492,214,2024-11-20,133.17,Cancelado
493,11,2024-10-30,440.93,Cancelado
494,47,2024-09-22,300.08,Cancelado
495,50,2023-11-27,460.9,Concluído
496,202,2024-09-05,114.41,Pendente
497,336,2024-09-23,374.2,Concluído
498,1,2024-09-13,183.13,Pendente
499,296,2024-01-03,57.31,Concluído
500,139,2024-09-26,124.23,Cancelado
501,343,2024-05-23,207.88,Pendente
502,446,2024-02-03,396.71,Cancelado
503,222,2024-07-12,204.19,Pendente
504,98,2024-11-24,486.74,Concluído
505,116,2024-05-27,328.31,Concluído
506,344,2024-07-26,417.4,Pendente
507,307,2024-07-30,297.71,Pendente
508,435,2024-09-30,134.56,Concluído
509,65,2024-02-19,480.4,Concluído
510,175,2024-11-06,332.96,Concluído
511,299,2024-07-19,432.12,Concluído
512,264,2023-12-25,476.98,Pendente
513,274,2024-07-22,449.31,Concluído
514,59,2024-05-22,340.26,Cancelado
515,227,2024-08-26,173.41,Cancelado
516,460,2024-03-09,307.3,Pendente
517,174,2024-10-21,50.22,Concluído
518,328,2024-03-18,314.7,Pendente
519,22,2024-09-23,246.56,Concluído
520,80,2023-12-17,239.26,Cancelado
521,171,2024-01-25,366.7,Concluído
522,172,2023-11-28,219.16,Concluído
523,399,2024-10-13,114.64,Cancelado
524,259,2024-02-10,181.6,Pendente
525,360,2024-02-24,405.85,Concluído
526,420,2024-01-28,349.84,Pendente
527,23,2024-08-20,390.3,Cancelado
528,396,2024-09-07,94.76,Cancelado
529,320,2024-08-04,56.3,Pendente
530,274,2024-03-18,150.02,Pendente
531,457,2024-03-08,366.53,Pendente
532,8,2024-04-24,423.41,Pendente
533,292,2024-10-12,258.98,Cancelado
534,82,2024-06-28,178.75,Concluído
535,379,2024-09-12,353.22,Cancelado
536,212,2024-10-02,492.79,Concluído
537,75,2024-11-16,442.24,Concluído
538,13,2024-10-30,25.6,Concluído
539,401,2024-03-24,44.6,Pendente
540,264,2024-04-10,167.48,Concluído
541,419,2024-08-13,368.57,Cancelado
542,224,2024-06-11,50.57,Concluído
543,391,2024-02-24,280.66,Cancelado
544,348,2024-10-21,387.57,Concluído
545,33,2024-11-10,284.56,Pendente
546,483,2024-07-25,283.24,Concluído
547,187,2024-06-01,317.73,Cancelado
548,390,2023-12-23,410.19,Pendente
549,143,2024-07-23,188.84,Concluído
550,202,2024-03-09,56.03,Cancelado
551,66,2024-10-10,424.94,Concluído
552,213,2024-02-29,428.99,Pendente
553,470,2024-09-17,59.79,Concluído
554,279,2024-04-18,316.16,Concluído
555,158,2023-12-25,225.45,Pendente
556,361,2024-02-08,132.1,Pendente
557,44,2024-09-26,54.98,Cancelado
558,433,2024-08-23,206.93,Cancelado
559,249,2024-01-15,107.5,Pendente
560,59,2024-02-18,255.12,Concluído
561,442,2024-10-04,233.15,Concluído
562,34,2024-01-24,28.82,Concluído
563,500,2024-09-05,180.41,Concluído
564,39,2024-01-01,333.5,Concluído
565,145,2024-04-14,339.23,Pendente
566,346,2024-09-07,94.44,Concluído
567,443,2024-10-08,331.27,Pendente
568,233,2024-10-08,443.18,Cancelado
569,395,2024-10-29,255.27,Pendente
570,219,2024-10-01,342.16,Pendente
571,6,2024-10-03,149.75,Cancelado
572,160,2024-08-27,411.7,Concluído
573,63,2024-04-30,249.77,Pendente
574,416,2024-06-19,239.19,Pendente
575,335,2024-03-29,409.79,Concluído
576,279,2024-05-25,160.19,Pendente
577,26,2024-09-20,209.21,Pendente
578,264,2024-10-11,296.11,Pendente
579,490,2024-08-22,336.51,Concluído
580,430,2024-05-12,390.95,Cancelado
581,495,2024-02-23,354.65,Pendente
582,458,2024-09-04,237.13,Cancelado
583,98,2024-11-12,298.67,Pendente
584,479,2024-03-23,107.63,Concluído
585,397,2024-05-28,273.66,Concluído
586,57,2024-08-06,21.22,Concluído
587,411,2024-10-29,107.14,Pendente
588,198,2024-09-04,156.18,Pendente
589,399,2024-03-17,138.42,Cancelado
590,303,2024-11-16,471.77,Concluído
591,350,2024-11-10,84.92,Cancelado
592,458,2024-06-09,421.22,Pendente
593,256,2024-04-03,110.14,Concluído
594,374,2024-11-01,123.29,Concluído
595,19,2024-01-31,104.46,Pendente
596,86,2024-04-07,297.69,Pendente
597,253,2024-09-16,49.21,Cancelado
598,165,2024-07-01,182.58,Concluído
599,58,2024-02-04,372.77,Pendente
600,211,2024-05-17,253.58,Pendente
601,71,2023-12-09,208.17,Pendente
602,386,2024-01-18,114.25,Pendente
603,404,2024-05-30,201.28,Cancelado
604,14,2024-06-14,400.49,Concluído
605,325,2024-09-13,226.05,Pendente
606,191,2024-02-04,73.47,Cancelado
607,460,2024-07-09,353.33,Concluído
608,171,2024-10-06,69.7,Pendente
609,167,2024-05-29,379.05,Pendente
610,476,2024-01-22,225.21,Concluído
611,312,2024-02-16,318.34,Cancelado
612,210,2024-08-07,465.34,Cancelado
613,357,2024-02-24,323.16,Cancelado
614,253,2024-05-04,403.01,Cancelado
615,348,2024-07-20,81.43,Cancelado
616,384,2024-01-18,451.5,Pendente
617,29,2024-11-25,355.12,Cancelado
618,53,2024-02-01,26.19,Cancelado
619,188,2024-07-12,124.33,Cancelado
620,197,2024-10-16,499.86,Pendente
621,332,2024-07-25,282.63,Pendente
622,35,2024-09-28,83.4,Concluído
623,156,2024-07-20,391.5,Pendente
624,375,2024-06-28,348.24,Concluído
625,337,2024-04-28,287.29,Cancelado
626,157,2023-12-15,359.43,Concluído
627,83,2024-05-12,488.59,Cancelado
628,99,2023-12-01,251.28,Pendente
629,309,2024-02-17,352.65,Cancelado
630,208,2024-02-08,154.01,Concluído
631,53,2024-03-14,124.1,Pendente
632,450,2024-09-16,419.49,Concluído
633,304,2024-07-14,433.88,Cancelado
634,66,2024-05-12,35.06,Pendente
635,376,2024-06-29,91.44,Pendente
636,354,2024-02-25,187.0,Concluído
637,480,2024-02-07,263.51,Pendente
638,466,2024-07-21,181.5,Cancelado
639,246,2024-05-17,26.04,Pendente
640,84,2024-04-19,147.04,Pendente
641,457,2024-06-29,474.78,Cancelado
642,306,2024-05-07,155.47,Concluído
643,402,2024-09-09,321.24,Pendente
644,263,2024-06-25,47.54,Concluído
645,383,2024-04-15,193.7,Cancelado
646,21,2023-12-05,98.49,Concluído
647,92,2024-07-17,230.55,Pendente
648,296,2024-06-19,47.38,Pendente
649,38,2024-03-15,451.75,Pendente
650,329,2024-06-04,406.11,Cancelado
651,344,2024-09-26,368.42,Pendente
652,231,2024-11-24,321.34,Pendente
653,260,2024-03-31,247.07,Concluído
654,309,2024-11-10,38.69,Concluído
655,4,2024-07-27,152.86,Concluído
656,49,2024-04-04,335.24,Concluído
657,25,2024-04-13,405.77,Concluído
658,270,2023-12-01,115.35,Concluído
659,147,2023-12-21,122.0,Concluído
660,13,2024-11-17,244.96,Concluído
661,341,2024-04-18,421.43,Pendente
662,127,2023-12-22,307.94,Cancelado
663,142,2024-03-27,209.99,Pendente
664,199,2023-12-29,55.34,Pendente
665,41,2024-02-24,125.79,Pendente
666,176,2024-08-19,153.36,Cancelado
667,209,2024-05-30,492.63,Cancelado
668,177,2024-04-24,193.59,Concluído
669,456,2024-10-28,126.62,Pendente
670,182,2024-05-24,240.25,Pendente
671,355,2024-09-25,111.92,Pendente
672,132,2024-05-11,286.01,Pendente
673,14,2024-07-07,104.35,Cancelado
674,264,2024-03-05,111.12,Cancelado
675,188,2023-12-26,418.4,Cancelado
676,57,2024-05-03,276.18,Pendente
677,187,2024-01-03,160.19,Concluído
678,469,2024-09-29,355.04,Pendente
679,258,2024-04-24,169.19,Concluído
680,474,2024-05-21,41.15,Concluído
681,488,2024-01-06,98.21,Pendente
682,71,2024-09-19,306.89,Concluído
683,249,2024-02-16,56.81,Cancelado
684,54,2024-06-20,131.07,Pendente
685,102,2024-06-13,424.95,Cancelado
686,320,2024-04-02,469.06,Cancelado
687,195,2024-10-19,116.37,Cancelado
688,184,2024-01-14,359.69,Pendente
689,372,2023-12-14,461.31,Cancelado
690,144,2024-01-29,273.9,Pendente
691,159,2024-05-05,277.27,Concluído
692,196,2024-06-10,127.78,Pendente
693,50,2024-05-02,182.06,Cancelado
694,473,2023-11-28,325.99,Concluído
695,134,2024-11-22,498.55,Pendente
696,415,2024-01-14,215.93,Pendente
697,494,2024-03-19,89.85,Pendente
698,332,2024-11-25,148.52,Cancelado
699,5,2024-09-27,496.89,Pendente
700,295,2024-06-22,86.57,Pendente
701,331,2024-10-18,81.78,Pendente
702,159,2024-08-15,105.1,Concluído
703,122,2024-06-27,453.76,Cancelado
704,97,2024-09-12,212.58,Cancelado
705,229,2024-01-11,469.87,Concluído
706,379,2024-11-09,309.52,Concluído
707,194,2024-06-22,305.02,Concluído
708,115,2024-09-21,453.84,Cancelado
709,164,2024-03-14,477.47,Concluído
710,96,2024-10-25,126.45,Cancelado
711,211,2024-06-08,376.03,Concluído
712,274,2024-01-22,43.66,Concluído
713,202,2024-02-18,224.74,Cancelado
714,456,2024-04-29,229.3,Pendente
715,236,2024-02-19,29.2,Cancelado
716,214,2024-11-13,143.63,Concluído
717,92,2024-02-28,220.83,Cancelado
718,328,2024-08-16,312.16,Concluído
719,353,2024-02-29,402.92,Cancelado
720,379,2024-01-30,480.8,Cancelado
721,158,2024-11-14,322.84,Cancelado
722,31,2024-03-24,192.45,Pendente
723,52,2024-11-22,72.56,Concluído
724,330,2024-05-06,213.94,Concluído
725,237,2024-05-20,339.72,Cancelado
726,6,2024-04-23,151.43,Concluído
727,168,2024-04-17,367.29,Concluído
728,281,2024-04-17,341.44,Cancelado
729,328,2024-03-09,421.54,Concluído
730,453,2024-02-04,282.43,Concluído
731,201,2024-10-19,76.28,Cancelado
732,312,2024-01-29,144.23,Cancelado
733,79,2024-04-04,348.68,Cancelado
734,391,2024-07-08,156.83,Pendente
735,60,2024-02-24,29.03,Cancelado
736,455,2024-05-13,497.35,Pendente
737,393,2023-12-21,226.68,Pendente
738,194,2024-09-27,53.69,Concluído
739,11,2024-04-18,408.42,Concluído
740,126,2024-06-29,252.08,Concluído
741,110,2024-01-24,152.67,Pendente
742,119,2024-05-17,488.61,Pendente
743,477,2024-04-28,64.95,Cancelado
744,138,2024-07-19,202.93,Cancelado
745,123,2024-01-11,273.58,Cancelado
746,229,2024-04-01,365.24,Pendente
747,394,2024-06-18,275.27,Concluído
748,57,2024-11-15,270.56,Cancelado
749,386,2024-04-22,270.45,Cancelado
750,317,2024-01-05,305.33,Concluído
751,496,2024-11-11,363.71,Concluído
752,196,2024-02-21,338.65,Cancelado
753,242,2024-04-11,255.01,Cancelado
754,27,2024-02-18,344.92,Pendente
755,339,2023-12-06,162.27,Pendente
756,481,2024-03-02,336.33,Pendente
757,320,2023-12-14,251.71,Cancelado
758,39,2024-08-03,102.43,Cancelado
759,345,2024-11-21,104.58,Concluído
760,250,2024-09-28,47.26,Cancelado
761,372,2024-07-28,190.17,Cancelado
762,496,2024-10-10,412.61,Pendente
763,193,2024-04-22,472.91,Concluído
764,248,2024-03-16,214.64,Concluído
765,91,2024-01-24,428.17,Concluído
766,240,2023-12-06,489.06,Pendente
767,51,2024-09-22,212.57,Pendente
768,141,2023-11-28,469.5,Cancelado
769,368,2024-06-25,97.7,Pendente
770,140,2024-04-07,130.97,Concluído
771,136,2024-05-20,153.29,Concluído
772,323,2024-01-01,395.91,Cancelado
773,360,2024-04-15,119.58,Pendente
774,278,2024-10-17,29.05,Concluído
775,166,2024-10-26,313.04,Pendente
776,351,2023-12-10,277.0,Cancelado
777,433,2024-05-30,196.53,Concluído
778,374,2024-02-10,282.81,Pendente
779,423,2024-05-18,391.89,Pendente
780,377,2024-03-13,39.22,Concluído
781,157,2024-05-29,436.35,Pendente
782,32,2023-12-11,388.24,Cancelado
783,499,2024-11-18,274.93,Pendente
784,90,2024-05-04,389.41,Pendente
785,476,2024-02-04,40.06,Cancelado
786,200,2024-03-07,157.62,Cancelado
787,277,2024-11-12,223.8,Cancelado
788,15,2024-08-04,75.48,Concluído
789,20,2024-02-13,206.29,Pendente
790,291,2023-12-05,489.81,Cancelado
791,495,2024-04-05,100.82,Concluído
792,352,2024-08-04,172.54,Pendente
793,159,2024-02-08,255.6,Cancelado
794,499,2024-08-04,408.75,Cancelado
795,56,2024-06-14,39.92,Pendente
796,287,2024-04-09,201.55,Pendente
797,298,2024-02-21,358.64,Cancelado
798,93,2023-12-03,353.48,Cancelado
799,243,2024-09-15,145.26,Concluído
800,88,2024-01-20,448.81,Concluído
801,215,2024-02-03,330.3,Concluído
802,269,2024-01-31,490.44,Cancelado
803,385,2023-12-19,352.15,Concluído
804,340,2024-02-20,238.34,Concluído
805,137,2024-02-11,481.29,Cancelado
806,456,2024-04-28,391.27,Pendente
807,119,2024-01-30,178.8,Pendente
808,293,2024-03-17,321.9,Concluído
809,380,2024-11-06,307.71,Cancelado
810,133,2024-09-18,330.44,Cancelado
811,186,2024-10-23,47.59,Concluído
812,164,2024-03-24,484.39,Pendente
813,132,2024-05-18,131.83,Concluído
814,245,2024-11-03,169.2,Cancelado
815,165,2024-10-08,271.14,Concluído
816,369,2024-09-07,474.46,Pendente
817,94,2023-11-26,475.37,Pendente
818,412,2024-10-01,84.43,Cancelado
819,258,2024-10-05,196.07,Concluído
820,345,2024-03-06,168.75,Concluído
821,321,2024-09-11,303.64,Pendente
822,113,2024-07-29,483.0,Concluído
823,352,2024-03-31,468.73,Pendente
824,462,2024-02-13,181.75,Pendente
825,25,2024-01-21,71.48,Pendente
826,292,2024-08-08,295.54,Cancelado
827,115,2024-07-14,482.02,Pendente
828,336,2023-12-21,441.43,Cancelado
829,306,2024-03-08,429.23,Cancelado
830,354,2024-04-24,245.12,Cancelado
831,263,2024-10-16,259.16,Concluído
832,432,2024-04-27,187.85,Cancelado
833,432,2024-03-14,267.78,Pendente
834,396,2024-09-27,307.23,Pendente
835,430,2024-05-14,89.26,Pendente
836,55,2024-03-06,127.41,Cancelado
837,124,2024-04-02,164.9,Concluído
838,43,2024-07-30,382.13,Cancelado
839,341,2024-10-04,364.12,Pendente
840,289,2024-05-14,368.67,Cancelado
841,499,2024-02-11,112.6,Cancelado
842,288,2024-07-25,248.98,Cancelado
843,405,2024-03-20,306.52,Pendente
844,136,2024-05-31,23.25,Pendente
845,270,2024-09-10,186.57,Pendente
846,79,2024-01-09,44.53,Pendente
847,110,2024-11-01,462.64,Pendente
848,116,2024-06-02,387.9,Concluído
849,309,2024-05-27,231.25,Concluído
850,385,2024-07-15,482.5,Concluído
851,164,2024-07-16,33.45,Concluído
852,396,2024-08-19,189.22,Cancelado
853,67,2024-09-16,332.12,Concluído
854,326,2024-07-21,399.95,Cancelado
855,312,2024-10-02,90.11,Concluído
856,349,2024-10-19,405.02,Pendente
857,390,2024-05-25,187.54,Pendente
858,191,2024-05-02,265.77,Pendente
859,179,2024-05-06,239.35,Pendente
860,34,2024-07-20,169.75,Cancelado
861,312,2024-08-11,458.52,Pendente
862,40,2023-12-02,330.76,Cancelado
863,4,2024-09-26,399.71,Pendente
864,63,2024-04-25,185.05,Cancelado
865,375,2024-08-16,231.71,Concluído
866,491,2024-10-18,375.71,Pendente
867,452,2023-11-30,45.65,Concluído
868,463,2024-03-22,409.52,Cancelado
869,120,2024-04-24,473.75,Pendente
870,384,2024-04-05,315.48,Concluído
871,5,2024-10-23,392.24,Concluído
872,312,2024-11-15,367.45,Cancelado
873,131,2024-07-22,450.8,Pendente
874,285,2024-09-29,437.18,Pendente
875,371,2024-01-30,343.42,Concluído
876,352,2024-07-16,419.93,Pendente
877,232,2024-08-25,193.34,Pendente
878,204,2024-05-11,236.88,Pendente
879,469,2024-10-19,30.93,Concluído
880,426,2024-05-05,348.44,Pendente
881,125,2024-08-16,481.95,Pendente
882,139,2024-04-27,82.11,Cancelado
883,420,2024-10-15,438.26,Pendente
884,415,2024-09-05,237.15,Concluído
885,294,2024-08-17,307.1,Pendente
886,163,2024-03-13,206.7,Pendente
887,121,2024-08-21,366.83,Pendente
888,428,2024-03-12,69.43,Pendente
889,344,2024-01-29,85.26,Concluído
890,377,2024-02-24,114.42,Concluído
891,481,2023-12-16,106.02,Cancelado
892,473,2024-02-13,458.95,Cancelado
893,11,2024-07-13,369.4,Pendente
894,315,2024-03-27,192.81,Pendente
895,456,2024-11-15,43.93,Cancelado
896,137,2023-11-26,343.57,Pendente
897,179,2024-11-12,23.02,Concluído
898,430,2024-08-02,269.46,Cancelado
899,410,2024-11-16,199.41,Cancelado
900,275,2024-06-29,398.69,Cancelado
901,343,2024-03-11,220.58,Concluído
902,392,2024-02-08,499.55,Cancelado
903,224,2024-05-09,66.07,Pendente
904,233,2024-06-03,448.3,Pendente
905,170,2024-10-16,204.63,Cancelado
906,33,2024-09-03,489.78,Pendente
907,452,2024-04-12,433.13,Pendente
908,400,2023-12-23,281.63,Cancelado
909,181,2024-03-31,498.86,Cancelado
910,228,2023-12-02,385.22,Cancelado
911,274,2024-06-16,440.24,Concluído
912,359,2024-11-17,377.56,Concluído
913,18,2024-11-14,460.85,Cancelado
914,98,2024-10-09,276.32,Cancelado
915,493,2024-05-22,289.47,Pendente
916,275,2023-12-09,56.36,Pendente
917,311,2024-05-16,305.39,Pendente
918,115,2024-03-08,32.56,Pendente
919,308,2024-04-10,264.58,Cancelado
920,61,2024-05-15,427.06,Cancelado
921,208,2024-05-22,491.54,Pendente
922,273,2024-04-29,274.11,Pendente
923,29,2024-09-24,442.93,Pendente
924,274,2024-10-12,295.08,Concluído
925,320,2024-01-09,470.98,Concluído
926,248,2024-06-20,350.23,Pendente
927,252,2023-12-10,354.56,Concluído
928,360,2024-05-22,48.76,Cancelado
929,232,2024-02-03,316.55,Pendente
930,449,2024-03-11,414.32,Concluído
931,325,2024-05-28,310.81,Cancelado
932,189,2024-10-18,335.83,Concluído
933,478,2024-08-29,122.06,Concluído
934,345,2024-06-30,463.36,Pendente
935,259,2024-05-02,83.74,Cancelado
936,246,2024-01-13,183.44,Cancelado
937,150,2024-06-12,443.86,Cancelado
938,452,2024-10-20,214.4,Concluído
939,246,2024-03-13,179.82,Pendente
940,467,2024-05-06,84.37,Concluído
941,406,2023-12-17,321.36,Pendente
942,355,2024-09-23,344.22,Pendente
943,270,2024-08-06,171.67,Pendente
944,50,2024-01-20,332.24,Cancelado
945,74,2024-10-03,189.05,Cancelado
946,154,2024-03-06,428.34,Pendente
947,391,2024-06-12,316.77,Pendente
948,149,2024-01-16,395.99,Cancelado
949,416,2024-05-28,282.19,Pendente
950,184,2024-02-07,349.56,Cancelado
951,306,2024-03-14,26.26,Concluído
952,66,2024-07-09,134.32,Cancelado
953,135,2024-07-23,24.0,Concluído
954,437,2024-04-10,165.57,Concluído
955,429,2024-03-29,283.73,Concluído
956,336,2024-06-26,28.94,Cancelado
957,184,2024-03-10,361.82,Pendente
958,335,2024-08-12,376.08,Pendente
959,194,2024-04-26,74.8,Pendente
960,318,2023-12-04,244.72,Cancelado
961,487,2024-02-11,306.82,Cancelado
962,470,2024-11-07,294.4,Cancelado
963,254,2024-04-30,90.43,Pendente
964,260,2023-12-25,341.41,Concluído
965,39,2024-04-26,199.62,Cancelado
966,409,2024-09-19,45.99,Cancelado
967,84,2024-07-31,249.73,Cancelado
968,457,2024-07-23,310.13,Pendente
969,179,2024-10-22,68.61,Pendente
970,392,2024-03-20,180.06,Concluído
971,188,2024-02-28,130.87,Pendente
972,243,2024-10-22,263.49,Concluído
973,267,2024-09-23,208.96,Pendente
974,139,2024-02-26,448.33,Concluído
975,336,2024-09-02,484.88,Pendente
976,125,2024-01-16,108.6,Concluído
977,389,2024-07-25,164.34,Concluído
978,54,2024-06-06,386.56,Pendente
979,351,2024-06-22,421.91,Pendente
980,88,2024-05-26,29.03,Concluído
981,295,2024-06-27,192.59,Concluído
982,6,2024-01-23,246.71,Pendente
983,401,2024-03-18,166.54,Cancelado
984,447,2024-08-14,166.92,Pendente
985,64,2024-08-19,116.67,Cancelado
986,380,2024-01-08,59.56,Concluído
987,124,2024-03-18,321.47,Concluído
988,36,2024-08-27,199.0,Cancelado
989,7,2023-12-22,290.03,Cancelado
990,286,2024-03-10,239.08,Cancelado
991,71,2023-12-07,142.77,Cancelado
992,280,2024-09-28,21.17,Cancelado
993,148,2024-07-16,438.59,Cancelado
994,111,2024-01-24,155.43,Concluído
995,418,2024-02-24,271.48,Cancelado
996,499,2023-12-22,433.95,Cancelado
997,362,2024-03-09,488.15,Cancelado
998,197,2023-12-28,383.59,Concluído
999,264,2024-05-03,481.79,Cancelado
1000,14,2024-11-21,91.89,Cancelado
